chain,ID,class,Subclass,seq
532.1,532.1,Class_1,TIGR04149 family rSAM-modified RiPP,MKKLSKINLGQLHKNDMADREMNQLRGGNNCGCNCTFDNNKTDSVPKSTIYEFSWTQGVVDEGSDVCSWEGSSCVYGGSKVPQ
81.1,81.1,Class_1,Lanthipeptide A,MSTKDFNLDLVSVSKKDSGASPRITSISLCTPGCKTGALMGCNMKTATCNCSIHVSK
19.3,19.3,Class_3,,MSGGDGRGHNSGAHNTGGNINGGPTGLGGNGGASDGSGWSSENNPWGGGSGSGVHWGGGSGHGNGGGNSNSGGGSNSSVAAPMAFGFPALAAPGAGTLGISVSGEALSAAIADIFAALKGPFKFSAWGIALYGILPSEIAKDDPNMMSKIVTSLPAETVTNVQVSTLPLDQATVSVTKRVTDVVKDTRQHIAVVAGVPMSVPVVNAKPTRTPGVFHASFPGVPSLTVSTVKGLPVSTTLPRGITEDKGRTAVPAG
32.2,32.2,Class_2,,MNTKMMEQFHEMDIAMLSSIEGGKNNWQTNVFEGGSAAFGGWGLGTAICAASGVGAPFMGACGYIGAKFGVALWAGVTGATGGF
307.1,307.1,Class_1,Lasso peptide,MERDNDVIELGAVSVETKGPGGITGDVGLGENNFGLSDD
267.1,267.1,Class_1,Lasso peptide,MNKQQQESGLLLAEESLMELCASSETLGGAGQYKEVEAGRWSDRIDSDDE
537.1,537.1,Class_1,TIGR04149 family rSAM-modified RiPP,MKLKKIKLNKLAENSLANREMKELKGGNCCLCAYRYADHGGSSTAANRDANYDHNYTSVGYPHPCK
44.1,44.1,Class_1,Linaridin,MSSQTTFGWSLFTSGIVTLVLKALPGDSLWWGLMLLAVGLVLLYYR
599.1,599.1,Class_1,TIGR04149 family rSAM-modified RiPP,MTMKKLSKIKLTNLSQEDLADREMNALRGGHTCGCACIKGAEFKATNYSANVADDKYSPEGNIICNWVGGSGSDMAVYGGSKVPGMP
538.1,538.1,Class_1,TIGR04149 family rSAM-modified RiPP,MKLKKLKLHVLAEESMKDRTMNALRGGNCCTCSCYWEGNTGSSSNDNRDANYNIGSGGHSTEGCNQYYTCDGEMVIDAEYMKKHLKAN
100.2,100.2,Class_2,A,ATRSYGNGVYCNDDKCWVNWNEANQQIAGIVISGWASGLAGMGH
169.2,169.2,Class_2,A,KYYGNGLSCSKKGCTVNWGQAFSCGVNRVATAGHGK
136.2,136.2,Class_2,A,KNYGNGVHCTKKGCSVDWGYAWTNIANNSVMNGLTGGNAGWHN
83.3,83.3,Class_3,,MVMDLGTTTIVAGQGDFSAYNYGNNGANWPAPSPAQVGYISKGQRDVAYVNGDWEKPLLALWAQWANWGTTLYGYPSLPFPNYEFIWDIFDLPQADYNQFSLGDDRITAMNRAQNHQYPFPNNEGIPSWDRPKIDFNGGVYTPAAAFAHYLTGKGKKMNFPIERLNIKPNVKAMPQFIGVLTSSPMGQTTVDFNVPYATAKDSWVAGNTVGEITLRIVGILVKSTSGQWSFRGEIRAYDDLYDFNPSNHRTETAEGMTRLGREVGQKFKDTTPYPIGIPGAIPVNISG
75.2,75.2,Class_2,D,ATRSYDNGIYCNNSKCWVNWGEAKENIAGIVISGWASGLAGMGH
260.1,260.1,Class_1,Lanthipeptide B,MLDVIKNRKKIEEKLELPEILLEEVEEHSAMGGINTWNTTATSTSIIISETFGNKGKVCTYTVECVNNCRG
615.1,615.1,Class_1,class_I_lanthipeptide,QKIKLTKGLQINKEQISKLQEEQMNSLKGGNNRIQAPAQSCGQCSCHGSTQAELRLS
103.1,103.1,Class_1,Lanthipeptide B,MKNSKDILNNAIEEVSEKELMEVAGGKRGTGWFATITDDCPNSVFVCC
598.1,598.1,Class_1,TIGR04149 family rSAM-modified RiPP,MTMKKLSKIKLTNLSQEDLADREMNALRGGHNCGCACSSTSKATNHSSNEDRDLHSPEGNVICTWVGGAGSDISVYGGSKAPGMP
174.2,174.2,Class_2,D,MKSLDKIAGLGIEMAEKDLTTVEGGKNYSKTWWYKSLTLLGKVAEGTSSAWHGLG
68.2,68.2,Class_2,D,MKKQILKGLVIVVCLSGATFFSTPQQASAAAPKITQKQKNCVNGQLGGMLAGALGGPGGVVLGGIGGAIAGGCFN
667.1,667.1,Class_1,class_I_lanthipeptide,MNKLNLNKETISQMDNNEMATVNGGLDICIVSCKRSTRLGKDCCEDPTHLVIAIE
164.2,164.2,Class_2,A,MKTVKELSVKEMQLTTGGKYYGNGVSCNKNGCTVDWSKAIGIIGNNAAANLTTGGAAGWNKG
167.2,167.2,Class_2,D,MKIQIKGMKQLSNKEMQKIVGGKSSAYSLQMGATAIKQVKKLFKKWGW
616.1,616.1,Class_1,class_I_lanthipeptide,MKTNKFSALQLNKKSIAKLNDTQLTSVKGGNRGNQLEADCTNGGITCSTAGSTIIIKDQVS
78.3,78.3,Class_3,,MNNLYRDLAPVTDSAWAEIEEEARRTFKRNIAGRRIVDVEGPTGFETSSVGTGHIRTLGSTGGDISIKQRISQEFIELRVPFTVTRQAIDDVERGSGDSDWQPVKDAATTIAMAEDSAILHGLDSAGIGGIVPGSSNTPVAIPDAVEDFADSVAQALSGLRKAGVDGPYSLLLSSEEYTKVSESTDHGYPVRDHLSRLLGDGEIIWAPALEGALLVSVRGGDYELHLGQDLSIGYHSHNGDSVELYLQETFGFLA
225.2,225.2,Class_2,,MDSELFKLMATQGAFAILFSYLLFYVLKENSKREDKYQNIIEELTELLPKIKEDVEDIKEKLNK
584.1,584.1,Class_1,TIGR04149 family rSAM-modified RiPP,MKTLSRLKLNQLNAEELEQRQMNALRGGYNCGCGCNYVGLGGSSQGDNYNANVSNGYTQSYGGNVACGNGVPTSAATH
86.1,86.1,Class_1,Cyanobactin,MNKKNILPQQGQPVIRLTAGQLSSQLAELSEEALGDAGLEASVTACITFCAYDGVEPSCTLCCALCAYDGE
586.1,586.1,Class_1,TIGR04149 family rSAM-modified RiPP,MKVLGKISLHSLEEKSLSDYSMRGLKGGATCTCGCHYANGGGSSSGWNDATNYCDGKESYGGGSESCGCCSSEGVKLSDFWKG
178.1,178.1,Class_1,Lanthipeptide B,MENKFDMEKFKKLAAVVSEDELDTLLDETTVGAGSSNDCADLILKITGVVVSATSKFDWCPTGACTTSCRF
589.1,589.1,Class_1,TIGR04149 family rSAM-modified RiPP,MMKVLGKISLHSLEEKSLSDYSMRGLKGGATCTCGCHYANGGGSSSGWNDATNYCDGKESYGGGSESCGCCSSEGVKLSDFWKG
83.1,83.1,Class_1,Thiopeptide,MDAAHLSDLDIDALEISEFLDESRLEDSEVVAKVMSASCTTCECCCSCSS
81.2,81.2,Class_2,A,MKHLKILSIKETQLIYGGTTHSGKYYGNGVYCTKNKCTVDWAKATTCIAGMSIGGFLGGAIPGKC
74.1,74.1,Class_1,Lanthipeptide B,MNKLNSNAVVSLNEVSDSELDTILGGNRWWQGVVPTVSYECRMNSWQHVFTCC
292.1,292.1,Class_1,Cyanobactin,MKTKKLTPRNSAPVQRENAATVSRDGNAIAPNNEFMQGSYSGPFAGDDAE
49.2,49.2,Class_2,A,MNSVKELNVKEMKQLHGGVNYGNGVSCSKTKCSVNWGQAFQERYTAGINSFVSGVASGAGSIGRRP
211.2,211.2,Class_2,B,MKTANIKLLTNQEMIEIFGGKTNWGSVVGSCVAGGLVGALGGTPISIGAGCLVGAGQDWISQK
606.1,606.1,Class_1,class_I_lanthipeptide,MPKHNEVPNAKLSFNKEAVANLSEQEMDQLAGGQESPMSRISTAAGITCCWCTSTRQPPVEAV
122.1,122.1,Class_1,Lanthipeptide B,MKSSFLEKDIEEQVTWFEEVSEQEFDDDIFGACSTNTFSLSDYWGNKGNWCTATHECMSWCK
151.1,151.1,Class_1,Head-to-tailcyclizedpeptides,MAKEFGIPAAVAGTVINVVVAGGWVTTIVSILTAVGSGGLSLLAAAGRESIKAYLKKEIKKKGKRAVIAW
144.2,144.2,Class_2,A,MTNMKSVEAYQQLDNQNLKKVVGGKYYGNGVHCTKSGCSVNWGEAASAGIHRLANGGNGFW
642.1,642.1,Class_1,class_I_lanthipeptide,MENKKKIKRLVLKKEEIVNLNDYQMEEMKGGSSWGCVASVTAVSALSYMVSTDIYNGGKDNSWWNCDYSNQANCMSDLSQKIVQLPDGSRACEFPEINVYGYRP
114.1,114.1,Class_1,Linaridin,MASPHRPPTSEEKSLNTASIPAVLSETGALSESDHGRALLDTVPVASVTFTMTACVEVSVCLTGSVIQLPQ
103.2,103.2,Class_2,A,MENKNYTVLSDEELQKIDGGEYHLMNGANGYLTRVNGKYVYRVTKDPVSAVFGVISNGWGSAGAGFGPQH
521.1,521.1,Class_1,TIGR04149 family rSAM-modified RiPP,MKKLSKIKLNHLNDDELKNREMNNLRGGDRACGCGCNYEDKGGSTTMYNGLANIAVGDNGGHSPGESKACYAEVNGIQTSTSQAEYW
524.1,524.1,Class_1,TIGR04149 family rSAM-modified RiPP,MKKLSKIKLNHLNDDGLKEREMNTLRGGRLCGCGCNYADSGGSTEVYNGGANYKLGDNGGHSPGGSKACYVEMGGIQTSTSQVEYW
670.1,670.1,Class_1,class_I_lanthipeptide,MKKPTKKLTLSKDTLRALNDTEMKQVAGGAPPSVVACTGTEPTEATVCYTNVLCSTGEFYGCCF
581.1,581.1,Class_1,TIGR04149 family rSAM-modified RiPP,MKTLRRIKLNSLSQEDLADREMNMLRGGSNCSCGCMGVSSKASNLEGNKDCGYPLSCTCGCTGPYALAANQEANKGAGI
79.1,79.1,Class_1,Lanthipeptide A,MSTKDFNLDLVSVSKTDSGASTRITSISLCTPGCKTGVLMGCNLKTATCNCSVHVSK
531.1,531.1,Class_1,TIGR04149 family rSAM-modified RiPP,MKKLSKINLGQLHKNDMADREMNQLRGGNNCGCNCRFDDLTEQSVPKSTIYEFSWAEGYYDDDSTVCSWEGSNCVYGGSKVPQ
309.1,309.1,Class_1,Lasso peptide,MKDFNELIDLGAISVETRGIEPLGPVDEDQGEHYLFAGGITADD
436.1,436.1,Class_1,Cyanobactin,MNKKNILPQQGQPVIRLTAGQLSSQLAELSEEALGDAGLEASLTACITFCAYDGVEPSITVCISVCAYDGE
553.1,553.1,Class_1,TIGR04149 family rSAM-modified RiPP,MKQLKKIKLNDLNESELKEREMNALYAGRACSCSCSAPGGSSISDNGNGNYRIGESGGHSISGTPAICFTNEFGNGIQGAVDNW
171.2,171.2,Class_2,B,MKKFLVLRDRELNAISGGVFHAYSARGVRNNYKSAVGPADWVISAVRGFIHG
349.1,349.1,Class_1,Cyanobactin,MDKKNILPHQGKPVLRTTNGKLPSHLAELSEEALGGAGMDASFFPCSYDGADASFFPVCSYDGADASFFPCSYDDGDA
66.3,66.3,Class_3,,MSKDRDGRRTSRRGTLKKIGGFSLGALSFGAVGRTQAATGSSVTTADIAPPGPNGDPKSVQIDDKYTGAEMYGEGDFRVGLGTDLTMYPPVYRESLGNGSGGWEFDFTVCGSTACRFVDSNGDVKEDDKAKEMWWQEINFNDINQDLYSRNDSDWVGSTPADTQPEFDYTDFALARDGVTLALTALNPAMGSLALGATYFLSDMVNWIASQHEDDSSLKRKWDYDGLSGPLYADSSTYLLARDEMTSNSYESFTI
88.1,88.1,Class_1,Lanthipeptide A,MKNNKNLFDLEIKKETSQNTDELEPQTAGPAIRASVKQCQKTLKATRLFTVSCKGKNGCK
26.2,26.2,Class_2,D,MNTKMMEQFSVMDNEELEIVSGGRGNLGSAIGGCIGAVLLAAATGPITGGAATLICVGSGIMSSL
51.3,51.3,Class_3,,VAEKAKDERELLEKTSELIAGMGDKIGEHLGDKYKAIAKDIADNIKNFQGKTIRSFDDAMASLNKITANPAMKINKADRDALVNAWKHVDAQDMANKLGNLSKAFKVADVVMKVEKVREKSIEGYETGNWGPLMLEVESWVLSGIASSVALGIFSATLGAYALSLGVPAIAVGIAGILLAAVVGALIDDKFADALNNEIIRPAH
42.1,42.1,Class_1,Lanthipeptide B,MTNLLKEWKMPLERTHNNSNPAGDIFQELEDQDILAGVNGACAWYNISCRLGNKGAYCTLTVECMPSCN
2.2,2.2,Class_2,,MDKKTKILFEVLYIICIIGPQFILFVTAKNNMYQLVGSFVGIVWFSYIFWYIFFKQHKKM
241.1,241.1,Class_1,Thiopeptide,MSAQGKDPNEIRRRFEELPMEVFQLDGSGLPIESLTDGHGMTEVGASCTSCVCICSCCT
162.2,162.2,Class_2,A,KYYGNGVTCGKHSCSVDWGKATTCIINNGAMAXATGGHQGNHKX
359.1,359.1,Class_1,Cyanobactin,MTKKNIRPQQVAPVERETISTAKDQSGRVTVQWGNGTGLDWKLLTGGISASPFAGDDAE
133.2,133.2,Class_2,A,MMNMKPTESYEQLDNSALEQVVGGKYYGNGVHCTKSGCSVNWGEAFSAGVHRLANGGNGFW
1.2,1.2,Class_2,B,MMKEFTVLTECELAKVDGGKRGPNCVGNFLGGLFAGAAAGVPLGPAGIVGGANLGMVGGALTCL
14.1,14.1,Class_1,Lanthipeptide B,MNKELNALTNPIDEKELEQILGGGNGVIKTISHECHMNTWQFIFTCCS
157.2,157.2,Class_2,B,MEWRINTMELNVNNYKSLTNDELSEVFGGDKQAADTFLSAVGGAASGFTYCASNGVWHPYILAGCAGVGAVGSVVFPH
96.2,96.2,Class_2,,MQNVKEVSVKEMKQIIGGSNDSLWYGVGQFMGKQANCITNHPVKHMIIPGYCLSKILG
92.2,92.2,Class_2,D,YDNGIYCNNSKCWVNWGEAKENIAGIVISGWASGLAGMGH
340.1,340.1,Class_1,Lasso peptide,MDTSNNDARTTALDQDLIVLGVASLDTQGGPLAGEEMGGITTLGISQD
673.1,673.1,Class_1,class_I_lanthipeptide,MKKVKKLSLKKEKISSLTNSDMQSIKGGLGDPTAKTAPGSAGSSNHDFTCCWCTGGNTPQPTESCGNTCPPDTGLTLQNTCA
364.1,364.1,Class_1,Cyanobactin,MTKKNIRPQQVAPVERETISTAKDQSGQVTALLIGIMHPFAGDDAE
160.1,160.1,Class_1,Lanthipeptide B,MSESNMKKVVGETFEDLSIAEMTKVQGSGDVMPESTPICAGFATLMSSIGLVKTIKGKC
631.1,631.1,Class_1,class_I_lanthipeptide,MKKLKLDTSKLKLSKTTISSLSEQEMKEVLGGSTGITDYCATSYGCVNVSIPCGSITPTTICMSFKCPNPTYPCA
12.1,12.1,Class_1,Lanthipeptide B,MNKDLNALTNPIDEKELEQILGGGDGVFRTISHECAMNTWMFIFTCCS
93.2,93.2,Class_2,D,MNFLKNGIAKWMTGAELQAYKKKYGCLPWEKISC
227.2,227.2,Class_2,,KNYGNGVYCNKHKCSVDWATFSANIANNSVAMAGLTGGNAGNK
123.2,123.2,Class_2,D,GTWDDIGQGIGRVAYXVGKAMGNMSDVNQAS
114.2,114.2,Class_2,D,MAGFLKVVQLLAKYGSKAVQWAWANKGKILDWLNAGQAIDWVVSKIKQILGIK
74.2,74.2,Class_2,A,TTKNYGNGVCNSVNWCQCGNVWASCNLATGCAAWLCKLA
675.1,675.1,Class_1,class_I_lanthipeptide,MEKKKIQLKNSKLSLKKESVANLSNQDMASLRGGEGGSTCHKVTCSWCTGNGDTGGSTRSDFTCSWCTTLSVSVSYS
424.1,424.1,Class_1,Cyanobactin,MDKKNILPQQGKPVFRTTTGKLPSYLAELSEEALGGNGLEASHCATICAFDGAEASHCATICAFDGDEA
224.1,224.1,Class_1,Thiopeptide,MSADLSALNIDSLEISEFLDDSRLEDSEVVAKVMSASCTTCECSCSCSS
94.1,94.1,Class_1,Lanthipeptide B,MSFMKNSKDILTNAIEEVSEKELMEVAGGKKGSGWFATITDDCPNSVFVCC
27.2,27.2,Class_2,D,MNTKMLSQLEVMDTEMLAKVEGGYSSTDCQNALITGVTTGIITGGTGAGLATLGVAGLAGAFVGAHIGAIGGGLTCLGGMVGDKLGLSW
58.1,58.1,Class_1,Lanthipeptide B,MEKETTIIESIQEVSLEELDQIIGAGKNGVFKTISHECHLNTWAFLATCCS
45.1,45.1,Class_1,Lanthipeptide C,MASILELQDLEVERASSAADSNASVWECCSTGSWVPFTCC
70.3,70.3,Class_3,,MKHLNETTNVRILSQFDMDTGYQAVVQKGNVGSKYVYGLQLRKGATTILRGYRGSKINNPILELSGQAGGHTQTWEFAGDRKDINGEERAGQWFIGVKPSKIEGSKIIWAKQIARVDLRNQMGPHYSNTDFPRLSYLNRAGSNPFAGNKMTHAEAAVSPDYTKFLIATVENNCIGHFTIYNLDTINEKLDEKGNSEDVNLETVKYEDSFIIDNLYGDDNNSIVNSIQGYDLDNDGNIYISSQKAPDFDGSYYAHHKQIVKIPYYARSKESEDQWRAVNLSEFGGLDIPGKHSEVESIQIIGENHCYLTVAYHSKNKAGENKTTLNEIYELSWN
652.1,652.1,Class_1,class_I_lanthipeptide,MNNKFSQLQLNKKTIAKLNERQLSTVKGGNKVIAPVRDGDCTTTSVTNNCTTTSTTGATTNL
302.1,302.1,Class_1,Lasso peptide,MERNSEDRRDDVVELGAVSVETKGISGGTVDAPAGQGLAGILDD
179.1,179.1,Class_1,Lanthipeptide B,MDNNTEKFNELAAIADESELNEMLDENITGAGSTIQCVNTTIGTILSVVFDCCPTSACTPPCRF
644.1,644.1,Class_1,class_I_lanthipeptide,MKKLKKLSLDKKTIVNLDKSSLKNIQGGRGTCGSGSSDCQTTMPAGCDPGSGAPIWTVAPYATCGGCNPID
619.1,619.1,Class_1,class_I_lanthipeptide,MKKLRKLKFNKEVIVNLSDQQMGQIQGGTGTYTSSEVCINISWAVSGYLTGHIADYLYDQYMKSKNPEVDVHGWLSRDYFEGFCCISDVEVNC
554.1,554.1,Class_1,TIGR04149 family rSAM-modified RiPP,MKQLKKLKLTRLSQEDLAEKQMKALRGGFNCGCGCHYEFEGGGSSKKDNYNANLSSNKNSYGGNVACGDELNSATHTTHN
313.1,313.1,Class_1,Lasso peptide,MTSRFQLLRLGKADRLTRGALVGLLLEDITVARYDPM
147.1,147.1,Class_1,Head-to-tailcyclizedpeptides,MFLVAGALGVQTAAATTIVNVILNAGTLVTVLGIIASIASGGAGTLMTIGWATFKATVQKLAKQSMARAIAY
225.1,225.1,Class_1,Thiopeptide,MSTAAIVGQEIGVDGLTGLDVDALEISDYMDETLLDGEDLSVTMVSSASCTTCICTCSCSS
185.2,185.2,Class_2,D,MKIKLTVLNEFEELTADAEKNISGNRRSRKNGIGYAIGYAFGAVERAVLGGSRDYNK
31.1,31.1,Class_1,Lanthipeptide A,MSKFDDFDLDVVKVSKQDSKITPQWKSESVCTPGCVTGVLQTCFLQTITCNCHISK
10.2,10.2,Class_2,,MINRTDCNENSYLEIHNNEGRDTLCFANAGTMPVAIYGVNWVESGNNVVTLQFQRNLSDPRLETITLQKWGSWNPGHIHEILSIRIY
10.3,10.3,Class_3,,MFTDEIIWHDVITKYSVNNLSQDMLNDPSETMFVLGDVYKEQALEYYGYLRSELLKSKELISNAEKSLIIALESRVKAEQDKKSADQKLKDEQEKDKGKAPELKLDDKIREQLGNRGWTEQDVRDTVSKGAKGSAEDKCSPKKTPPDFLGRNDPASVYGEFGKYIVVNDRTGEVVQFSDKSDPEWVDDSRINWGDKNE
174.1,174.1,Class_1,Lanthipeptide B,MSKGYKFTKEELVEAWKDPQVREKLKDLPNHPSGKALNELSEEELAEIQGASDVQPETTPLCVGVIIGITASIKICK
80.3,80.3,Class_3,,MNDLMRDLAPISAKAWAEIETEARGTLTVTLAARKVVDFKGPLGWDASSVSLGRTEALAEEPKAAGSAAVVTVRKRAVQPLIELCVPFTLKRAELEAIARGASDADLDPVIEAARAIAIAEDRAVFHGFAAGGITGIGEASAEHALDLPADLADFPGVLVRALAVLRDRGVDGPYALVLGRTVYQQLMETTTPGGYPVLQHVRRLFEGPLIWAPGVDGAMLISQRGGDFELTVGRDFSIGYHDHDAQSVHLYLQE
105.1,105.1,Class_1,Lanthipeptide B,MKNSKDILNNAIEEVSEKELMEVAGGKRGPGWIATITDDCPNSIFVCC
188.2,188.2,Class_2,,MNTKAVNLKSENTTKLVSYLTENQLDEFIRRIRIDGALVEEVSQNAKQALDNTGLNGWINTDCDEGLLSDFISKIASARWIPLAESIRPAVTDRDKYRVSCWFYQGMNIAIYANIGGVANIIGYTEAAVATLLGAVVAVAPVVPGTPTPPKDKSSQYKEVPLAVRLSETYHEEGVRGLFDELNYSESRMISTLRRASTDGVLINSWNDGQDTILLKKYNFQDLQLTVRSRIVGNQTIIEECKITDGRKTLSDETV
641.1,641.1,Class_1,class_I_lanthipeptide,MHKIKLTKGLQINKEQISKLQEEQMNSLKGGVNSLQAAAQSCGQCSCGGNTVVKTRVAS
50.2,50.2,Class_2,A,MKSVKELNKKEMQQINGGAISYGNGVYCNKEKCWVNKAENKQAITGIVIGGWASSLAGMGH
420.1,420.1,Class_1,Cyanobactin,MNKKNILPQQGQPVIRLTAGQLSSQLAELSEALGDAGLEASACFPTICAYDGVEPSFCFPTVCAYDGE
567.1,567.1,Class_1,TIGR04149 family rSAM-modified RiPP,MKTKKKLKLDALSSNELENKETNQIRGGGICGCYCTCYTIDERIYTRIEERSYYMMMPPTP
146.2,146.2,Class_2,A,KYYGNGVHCTKSGCSVNWGEAASAGIHRLANGGNGF
125.1,125.1,Class_1,Lanthipeptide B,MEKNNEVINSIQEVSLEELDQIIGAGKNGVFKTISHECHLNTWAFLATCCS
177.1,177.1,Class_1,Lanthipeptide B,MDNNTKLQKLYEQLAATGSEKELDAMLDENMAGAGSPLTVTITGLIVAATTGFDWCPTGACTYSCRV
108.1,108.1,Class_1,Lanthipeptide B,MKKDAIIESIKEVSLEELDQIIGAGNGVFKTISHECHLNTWAFLATCCS
34.2,34.2,Class_2,D,MNTYCNINETMLSEVYGGNSGGAAVVAALGCAAGGVKYGRLLGPWGAAIGGIGGAVVCGYLAYTATS
271.1,271.1,Class_1,Thiopeptide,MDANLVLDLDDLSVDQLDILPTAPGSTLESINVGHAMVEIGASNCTSKGSPASCCSCCCC
518.1,518.1,Class_1,TIGR04149 family rSAM-modified RiPP,MKKLKKIKLNQLNQAEMEDRAMNMLRGGNTCGCGCDGPSGDEDNYSSNWDGNLYSPGGNQHCSWPGSGDVTVYGGSKAPGMP
209.2,209.2,Class_2,D,MQNTKELSVVELQQILGGKRASFGKCVVGAAGLGAGVSGGLWGMAAGGIGGELAYMGANGCL
535.1,535.1,Class_1,TIGR04149 family rSAM-modified RiPP,MKLKKIKLNKLAENSLANREMKELKGGNCCLCACRYADHGGSSTAANRDANYDHNYTSVGYPHPCK
544.1,544.1,Class_1,TIGR04149 family rSAM-modified RiPP,MKLKKLKLNEVARAELNERSMCRILGGGTPGCCQCSCAYEGQGGSTTSANSGANNAGGYTSDGSNPCCGPKPHSSCGVNGFCS
75.1,75.1,Class_1,Linaridin,MRVIVIIVTTAERFRAAAAHPAATVSIAGVRWPTYKVVSLLVGLGVFGVVAVATTAAAPAVLSGAGVATLVWLGLGLYRTSRR
663.1,663.1,Class_1,class_I_lanthipeptide,MKKVKFVGKLTLNKVTVAKLNNEQMTKVVGGGQTEKPSTTKSTVYTCGFLCTY
87.3,87.3,Class_3,,MAGRTRIPFNGVGTSVLPAYQTLSAGQYLLSPNQRFKLLLQGDGNLVIQDNGATVWVANEQQPFSSTIPLRNKKAPLAFYVQYGAFLDDYSRRRVWLTDNSTFTSNDQWNRTHLVLQDDGNIVLVDSLALWNGTPAIPLVPGAIDSLLLAPGSELVQGVVYGAGASKLVFQGDGNLVAYGPNGAATWNAGTQGKGAVRAVFQGDGNLVVYGAGNAVLWHSHTGGHASAVLRLQANGSIAILDEKPVWARFGFQPT
95.2,95.2,Class_2,A,MKKKLVKGLVICGMIGIGFTALGTNVEAATYYGNGVYCNKQKCWVDWSRARSEIIDRGVKAYVNGFTKVLGGIGGR
300.1,300.1,Class_1,Lasso peptide,MTRLLNLMSVRLLGFGSAKAATNGGIGGDFEDLNKPFDV
218.2,218.2,Class_2,B,MKQYNGFEVLHELDLANVTGGQINWGSVVGHCIGGAIIGGAFSGGAAAGVGCLVGSGKAIINGL
543.1,543.1,Class_1,TIGR04149 family rSAM-modified RiPP,MKLKKLKLNEVARAELNERSMCRILGGGTPGCCQCSCAYEGQGGSTTSANSGANNAGGYTSDGSNPCCGNPPHWSCGTNGFCS
68.3,68.3,Class_3,,MSDKDSINRRNVLRKIGGIGVASAVGFSGLASGESLSDDEKQDVIDTIYKSQRVEQIKKKFGGVNIEPKKVQSVTTNQSGDLVTAKLSVSDGDLVYSSVKDTTVIVQFDRSASEIGESWPKNTEAFIKSTSSGVDLLRTATDEEIKDVTEGVNTSEIESADAVNIFIDPESQTYYMEKYDFNNKVLEMFELATGGTSSGKISPTREDQNHEYNVREHKVFNSEKQNIQLQSDCNINSNTAADVILCFNQVGSCALCSPTLVGGPVPTVACLLVVCFGTPNAVSAILEEVDNSCFNLIKDVISCWDEWTSFW
197.2,197.2,Class_2,,MILFFMIFCTSSRLQRDKFKNYEKKLFDMEIKKLETFHQMTIEKLAKVEGGKNNWQANVSGVIAAGSAGAAIGFPVCGVACGYIGAKTAITLWAGVTGATGGF
530.1,530.1,Class_1,TIGR04149 family rSAM-modified RiPP,MKKLSKINLGQLHKNDMADREMNQLRGGNNCGCDCTFDNNKTDSVPKSTIYEFSWTQGVVDEGSDICSWEGSSCVYGGSKVPQ
69.2,69.2,Class_2,A,MKIKWYWESLIETLIFIIVLLVFFYRSSGFSLKNLVLGSLFYLIAIGLFNYKKINK
601.1,601.1,Class_1,class_I_lanthipeptide,MKKSNKKLTLNKETVSKLNDEQMEEIKGGYFHILSIGARCQRSRMLTHHTSC
82.2,82.2,Class_2,,MQNVKELSTKEMKQIIGGENDHRMPNELNRPNNLSKGGAKCGAAIAGGLFGIPKGPLAWAAGLANVYSKCN
202.2,202.2,Class_2,A,MEAIKKLDLQAMKGIVGGKYYGNGLSCNKSGCSVDWSKAISIIGNNAVANLTTGGAAGWKS
79.2,79.2,Class_2,,MKQYKVLNEKEMKKPIGGESVFSKIGNAVGPAAYWILKGLGNMSDVNQADRINRKKH
585.1,585.1,Class_1,TIGR04149 family rSAM-modified RiPP,MKTLSRLKLNQLNAGELEQRQMNALRGGYKCGCGCNYVDAQGSSIGENYNANVSNGYTESGGGNVACGDGVPATKPTH
39.2,39.2,Class_2,D,MNTKTMSQFEIMDTEMLACVEGGGCNWGDFAKAGVGGGAARGLQLGIKTRTWQGAATGAVGGAILGGVAYAATCWW
23.1,23.1,Class_1,Lanthipeptide B,MKKEELVGMAKEDFLNVICENDNKLENSGAKCPWWNLSCHLGNDGKICTYSHECTAGCNA
556.1,556.1,Class_1,TIGR04149 family rSAM-modified RiPP,MKSIGKLKLTQLRKAELGKRELNKLVGGEHCCICGCRSGGSSTLDVVNANNRGGASGLYSPGGGVGTGSYS
671.1,671.1,Class_1,class_I_lanthipeptide,MSTQKVKIQKLALNKESITKLSESSMQKLVGGANKKEAFGSDITSCIVTSYSIFAC
30.1,30.1,Class_1,Lanthipeptide A,MSKFDDFDLDVVKVSKQDSKITPQVLSKSLCTPGCITGPLQTCYLCFPTFAKC
35.1,35.1,Class_1,Lanthipeptide B,MSALAIEKSWKDVDLRDGATSHPAGLGFGELTFEDLREDRTIYAASSGWVCTLTIECGTVICAC
5.1,5.1,Class_1,Lanthipeptide B,MKEIQKAGLQEELSILMDDANNLEQLTAGIGTTVVNSTFSIVLGNKGYICTVTVECMRNCQ
592.1,592.1,Class_1,TIGR04149 family rSAM-modified RiPP,MRKVSMNELSKRAMSAREMNALAGGNVCGCGCHGSSSTQDNANANYKGNLSSSGGQAVVIADMNDGTKVVIEVK
75.3,75.3,Class_3,,MSDITYNPEDYNNGIPPEPGLVWKPGGSFPNGSYVPGSWGWPTRGYDVPPLPGDTEMLTVTPKGTPADTWPKRPDIKEWYVPGEKPFDPSTGNGWVPDVDGYAESLPAGIPAVVQAAISKVKGAPLKGGMSAVDIWKLKPATEYPGRFNSTDPAFSWFPVRALTDTDISAMPVAPETVPVHTRILDNVHDGVQFVSAVFAGSMQYNLPVVKAQATAGSDYYTIGRLPGIMSAFTFSFYTKGTPQDSRFFRDTVKA
31.2,31.2,Class_2,,MDTKMMEQFHEMDIAMLSSIEGGKNNWQTNVFEGGSAAFGGWGLGTAICAASGVGAPFMGACGYIGAKFGVALWAGVTGATGGF
78.1,78.1,Class_1,Lanthipeptide A,MSTKDFNLDLVSVSKKDSGASPRITSISLCTPGCKTGALMGCNMKTATCNCSVHVSK
677.1,677.1,Class_1,class_I_lanthipeptide,MNKLNLNKETISQMDNNEMASVNGGLDICIVSCKRSTRLGKDCCEDPTHLVISIE
227.1,227.1,Class_1,Thiopeptide,MNKDIDLSAIEISDLISETEQSDDALSQVMAASCTTTGCACSSSSSST
566.1,566.1,Class_1,TIGR04149 family rSAM-modified RiPP,MKTISKLKLNQLSKVELEKREMNALKGGTDADPTCNCNCSGSGTQSATIGANSNYGYQYSYGGDGSYTGYVECTCVTGFNMQSVRGGF
62.2,62.2,Class_2,,YTAKQCLQAIGSCGIAGTGAGAAGGPAGAFVGAXVVXI
41.2,41.2,Class_2,,MQKPEIISADLGLCAVNEFVALAAIPGGAATFAVCQMPNLDEIVSNAAYV
257.1,257.1,Class_1,Thiopeptide,MSISVDPQTELGVEELTGLDIDTLEISDYLDESMLDTHDLTETMIASASCTTCICTCSCSS
96.1,96.1,Class_1,Lanthipeptide A,MEKVLDLDVQVKGNNNTNDSAGDERITSHLFCSFGCEKTGSFNSFCC
16.1,16.1,Class_1,Lanthipeptide B,MTASILQQSVVDADFRAALLENPAAFGASAAALPTPVEAQDQASLDFWTKDIAATEAFACRQSCSFGPFTFVCDGNTK
24.2,24.2,Class_2,A,TKYYGNGVYCNSKKCWVDWGQAAGGIGQTVVXGWLGGAIPGK
88.3,88.3,Class_3,,MSDVFDLGSMTTVATATGQYSFYTPPPPTPIPYLTYIARPGINKFDLPEGAKIKDLIKRYQYIGSQIPAAIMIRGVQEEIKKSTNTALANVGAIVDGELAYLASQKKEKLNPAEATPLQMASAEKAAAVELLASKQKELADARTIANAFFGYDPLTVNYVNVMNEIYGRREDKDFSFDNWSKSYSAAQKIRLIEAKISVLNSRSSALDGKVAELTRLQRLEDAQHAAEAARQTEAERLAQEQRQAEARRQAEEAR
32.1,32.1,Class_1,Lanthipeptide C,MEMVLELQELDAPNELAYGDPSHGGGSNLSLLASCANSTVSLLTCH
54.3,54.3,Class_3,,MSDYEGSGPTEGIDYGHSMVVWPSTGLISGGDVKPGGSSGIAPSMPPGWGDYSPQGIALVQSVLFPGIIRRIILDKELEEGDWSGWSVSVHSPWGNEKVSAARTVLENGLRGGLPEPSRPAAVSFARLEPASGNEQKIIRLMVTQQLEQVTDIPASQLPAAGNNVPVKYRLMDLMQNGTQYMAIIGGIPMTVPVVDAVPVPDRSRPGTNIKDVYSAPVSPNLPDLVLSVGQMNTPVLSNPEIQEEGVIAETGNYV
645.1,645.1,Class_1,class_I_lanthipeptide,MKKLSALQLNKKSIAKLNDAQLIVLKGGNQISAPGNTVIVNCQVKTATVINTKVS
262.1,262.1,Class_1,Lanthipeptide B,MKEQKLEKITGLIPESELEEHLSGESSGAGTPAITTAISAIIGATAQSPCPTSACSKSCNK
122.2,122.2,Class_2,D,MKNQLNFNIVSDEELAEVNGGSLQYVMSAGPYTWYKDTRTGKTICKQTIDTASYTFGVMAEGWGKTFH
181.1,181.1,Class_1,Lanthipeptide B,MEKMNNIAGITPENELDEMFDDSVVGAVGYTTYWGILPLVTKNPQICPVSENTVKCRLL
153.2,153.2,Class_2,,MGAIAKLVAKFGWPFIKKFYKQIMQFIGQGWTIDQIEKWLKRH
7.3,7.3,Class_3,,MKTNNVTGTMKKVISTLAATGCMFSMAAAIPANSTIGSAVLGNAVVADAAVISVNTVVDAKNGNADLVQGKFYKSPSQNYVLVFQNDGNLVIYHYNKTTDKAYSPIWSSQTENRGGTKCVLQGDGNFVIYRSDGKPIWNTQTNGKKGAYLTISDEGEIKITSRNYNYATTWSSKNNHGYSINQGPIITDPVDGQLSPHFHSREFACDCGNTHTIDQNLINKLEQLYTKLNCSKIIVNSGYRDPNCSVAVGGGYDD
126.1,126.1,Class_1,Lanthipeptide B,MTKEHEIINSIQEVSLEELDQIIGAGKNGVFKTISHECHLNTWAFLATCCS
176.2,176.2,Class_2,B,MNNLNKFSTLGKSSLSQIEGGSVPTSVYTLGIKILWSAYKHRKTIEKSFNKGFYH
194.2,194.2,Class_2,,MKKKFVSSCIASTILFGTLLGVTYKAEAATVHVAGGVWSHGIGKHYVWSYYSHNKRNHGSTAVGKYSSFSGVARPGVQSKASAPKAWGGNKTFYSLH
55.2,55.2,Class_2,D,MRELTLTEIDNVSGADLGSRLSAAIVGGVAAFFAGSIWGGTRGGDGGGILGVGSIGQGVGMVYGGIAGAIGGAIAGFVLDKDVIYSYTNGFMSSIFNGTFAK
54.1,54.1,Class_1,Lanthipeptide B,MSKKEMILSWKNPMYRTESSYHPAGNILKELQEEEQHSIAGGTITLSTCAILSKPLGNNGYLCTVTKECMPSCN
28.2,28.2,Class_2,D,MDTKMMSQFSVMDTEMLACVEGGGCNWGDFAKAGVGGGAARGLQLGIKTGTWQGAATGAAGGAILGGVAYAATCWW
52.1,52.1,Class_1,Lasso peptide,MTSQPSKKTYNAPSLVQRGKFARTTAGSQLVYREWVGHSNVIKPGP
80.2,80.2,Class_2,D,MKNIKNASNIKVIEDNELKAITGGGPGKWLPWLQPAYDFVTGLAKGIGKEGNKNKWKNV
183.1,183.1,Class_1,Lanthipeptide B,MERYGHLAGVIPVDEIDDMFESNVIGGTSSIDCVRLASNTPEGTVNLTVRIEFCPSAACTYSCRL
329.1,329.1,Class_1,Lasso peptide,MTQVSPSPLRLIRVGRALDLTRSIGDSGLRESMSSQTYWP
561.1,561.1,Class_1,TIGR04149 family rSAM-modified RiPP,MKSLKLNKLSVNQLSKKQMSSVTGGERVCGCGCCYAGNGGSSTNSNGHANLDGGLYSTACENTYFVAPDK
184.2,184.2,Class_2,B,MKISKIEAQARKDFFKKIDTNSNLLNVNGAKCKWWNISCDLGNNGHVCTLSHECQVSCN
658.1,658.1,Class_1,class_I_lanthipeptide,MKKLQLNKKTVSVLDKKEMKTVNGGFTSIFSCSASNGDRGCCRHEEENY
504.1,504.1,Class_1,TIGR04149 family rSAM-modified RiPP,MGTNFTSMELKKIKLNALSKSTMVDKAMNALKGGNCCNCSCYWEGRGGSSSNDNMNANYQFDGYSQHGCNLYHNCDYNDGSWLEEAHA
182.1,182.1,Class_1,Lanthipeptide B,MNNNNFDMEKFKKLAAIVSEGEIDEMLDETTVGAASTLPCAEVVVTVTGIIVKATTGFDWCPTGACTHSCRF
201.1,201.1,Class_1,Lanthipeptide B,MSEEQLKAFLTKVQADTSLQEQLKIEGADVVAIAKAAGFSITTEDLNSHRQNLSDDELEGVAGGAACHNHAPSMPPSYWEGEC
153.1,153.1,Class_1,Head-to-tailcyclizedpeptides,MVTKYGRNLGLNKVELFAIWAVLVVALLLTTANIYWIADQFGIHLATGTARKLLDAMASGASLGTAFAAILGVTLPAWALAAAGALGATAA
655.1,655.1,Class_1,class_I_lanthipeptide,MKKLSLNKITVAKLSDKQLSNVQGGSNNEGDGGTRSLTGNPVLCNHSGSGDLIVKIQNAY
603.1,603.1,Class_1,class_I_lanthipeptide,MQKIKLTKGLQINKEQISKLQEEQMNSLKGGNNRIQAPAQSCGQCSCHGSTQAELRLS
651.1,651.1,Class_1,class_I_lanthipeptide,MKKPTKKLTLSKDTLRALNETEMKQVAGGAPTSVVACTGTDPTEATVCYTNALCQTGEFFGCCF
23.2,23.2,Class_2,A,KYYGNGVHXGKHSXTVDWGTAIGNIGNNAAANXATGXNAGG
580.1,580.1,Class_1,TIGR04149 family rSAM-modified RiPP,MKTLRRIKLNSLSQEDLADREMNMLRGGSNCSCGCMGVSSKASNLEGNKDCGYPLSCTCGCTGPYALAANQEANKEAGI
488.1,488.1,Class_1,Cyanobactin,MNKKNILPNPGKPVIRGISGKLPSYLAELSEEALGDAGADASFICSVDASFICSVDASFICSVDASFICSVDGDA
175.2,175.2,Class_2,B,MDKFEKISTSNLEKISGGDLTTKLWSSWGYYLGKKARWNLKHPYVQF
515.1,515.1,Class_1,TIGR04149 family rSAM-modified RiPP,MKKLKELKLNKLSSSNLQSKEMNELRGGERYCTCSCYYATSGGSSSSDNRSANFSLGDWGGGYSSVGNNCYWEGEVGHESGVYHDTGYSC
70.2,70.2,Class_2,A,TKYYGNGVYCNSKKCWVDWGTAQGCIDVVIGQLGGGIPGKGKC
152.1,152.1,Class_1,Head-to-tailcyclizedpeptides,MFDLVATGMAAGVAKTIVNAVSAGMDIATALSLFSGAFTAAGGIMALIKKYAQKKLWKQLIAA
185.1,185.1,Class_1,Lanthipeptide A,MENVLDLDVQVKAKNDTSDSAGDERITSFIGCTPGCGKTGSFNSFCC
200.1,200.1,Class_1,Lanthipeptide B,MSEEQLKAFIAKVQADTSLQEQLKAEGADVVAIAKAAGFAITKEDLNSHRQTLSEDELESVAGGGRIDTCPAGGGTSEQTGTCC
200.2,200.2,Class_2,A,TSYGNGVHCNKSKCWIDVSELETYKAGTVSNPKDILWSLKE
88.2,88.2,Class_2,,MQKFQKLNEQEMKQLMGGYSSKDCLKDIGKGIGAGTVAGAAGGGLAAGLGAIPGAFVGAHFGVIGGSAACIGGLLGN
649.1,649.1,Class_1,class_I_lanthipeptide,MEEKKKLKKLVLKKEEIVNLNDYQMRQIQGGSTYPCVKSIIETVAASISIVTSVYETGKEASAWNCPESQQKDCMGDISKYVMTGGCLIPEVDIYSWYM
261.1,261.1,Class_1,Lanthipeptide B,MLKEEKLEKITGLIPESELEEHLSGESSGAGTPAITTAISAIIAATAQSPCPTSACSKSCNK
16.3,16.3,Class_3,,METAVAYYKDGVPYDDKGQVIITLLNGNPDGSGSGSGGGGGTGGSKSESSAAIHATAKWSTAQLKKTQAEQAARAKAAAEAQAKAKANRDALTQHLKDIVNEALRHNSTHPEVIDLAHANNAAMQAEAERLRLAKAEEKARKEAEAAEKAFQEAEQRRKEIEKEQAETERQLKLAEDEEKRLAALSEEARAVEVAQKNLAAAQSELAKVDEEINTLNTRLSSSIHARDAETNTLSGKRNELDQASAKYKELDERV
560.1,560.1,Class_1,TIGR04149 family rSAM-modified RiPP,MKSLKLNKLNMNQLSKEQLITIRGGSAPSCTCGCCYANSGGSNTTDNGIANYEGGLKTMCKEITMVISG
505.1,505.1,Class_1,TIGR04149 family rSAM-modified RiPP,MIIFAPNILKFYRMKKLKKIKLNQLNHAEMEDRAMNMLRGGNTCGCGCNGPSSKEKNYSSNWDGNLYSPDGSIICSWPGTGGGIVVYGGSKAPGMP
664.1,664.1,Class_1,class_I_lanthipeptide,MKKVTTKLALNKQTLASLDQKQMAAAKGGFTYSLSLGVRCNYSDDHTHNSPGCYAANQ
500.1,500.1,Class_1,TIGR04149 family rSAM-modified RiPP,FNKLKSLIMKKISMIELSRRAMGAREMNALTGGNVCGCGCHGSSSTQANANANYKGSKSSSGSQTVVIADMNDGQVVVRNP
159.1,159.1,Class_1,Lanthipeptide B,MSELSMEKVVGETFEDLSIAEMTMVQGSGDINGEFTTSPACVYSVMVVSKASSAKCAAGASAVSGAILSAIRC
71.3,71.3,Class_3,,MADNQPVPLTPAPPGMVSLGVNENGEEEMTVIGGDGSGTGFSGNEAPIIPGSGSLQADLGKKSLTRLQAESSAAIHATAKWTTENLAKTQAAQAERAKAAMLSQQAAKAKQAKLTLHLKDVVDRALQNNKTRPTVIDLAHQNNQQMAAMAEFIGRQKAIEEARKKAEREAKRAEEAYQAALRAQEEEQRKQAEIERKLQEARKQEAAAKAKAEADRIAAEKAEAEARAKAEAERRKAEEARKALFAKAGIKDTPV
607.1,607.1,Class_1,class_I_lanthipeptide,MKKLKLNKEVLSSLDKSEMSQVKGGFTYIVTLGSRCRQSKGYGKFWNYEQCTNAMIEATDTPMQERDYTFNGVSSPNSPTTPSIKPPSLNLK
208.1,208.1,Class_1,Lanthipeptide C,MALLDLQGLESPADLSATRGSSGSGHSCPSNLSATLCGGTSGLSVLICH
95.1,95.1,Class_1,Lanthipeptide A,MKNSKDILTNAIEEVSEKELMEVAGGKKGSGWFATITDDCPNSVFVCC
578.1,578.1,Class_1,TIGR04149 family rSAM-modified RiPP,MKTLKLTAFEADALSKKEMGKVLGGNVCGCGCTGSSSTAANGNANVKGNKYTDTTLDKMEIVVTP
17.1,17.1,Class_1,Linaridin,MRSEMTLTSTNSAEALAAQDFANTVLSAAAPGFHADCETPAMATPATPTVAQFVIQGSTICLVC
67.3,67.3,Class_3,,MSDKDSINRRNVLRKIGGIGVASAVGFSGLASGESLSDDEKQDVIDTIYKSQRVEQIKKKFGGVNIEPKKVQSVTTNQSGDLVTAKLSVSDGDLVYSSVKDTTVIVQFDRSASEIGESWPKNTEAFIKSTSSGVDLLRTATDEEIKDVTEGVNTSEIESADAVNIFIDPESQTYYMEKYDFNNKVLEMFELATGGTSSGKISPTREDQNHEYNVREHKVFNSEKQNIQLQSDCNINSNTAADVILCFNQVGSCAL
113.1,113.1,Class_1,Linaridin,MPEFRQPGWTRGVAPLDESAGGQVFGGASPVAATPAVVATAGAVVVAFAAGVAARHLANGGNVELPM
87.1,87.1,Class_1,Cyanobactin,MNKKNILPQQGQPVIRLTAGQLSSQLAELSEEALGDAGLEASLTACITFCAYDGVEPSCTLCCTLCAYDGE
618.1,618.1,Class_1,class_I_lanthipeptide,MKKQVSLGKLSLNKEKIAQLSAEGMSNVKGGNFGGSTCAGFTCGWCTSTMDSSTTKPLGPKDQEEGLEPQG
132.1,132.1,Class_1,Thiopeptide,MGNNEEYFIDVNDLSIDVFDVVEQGGAVTALTADHGMPEVGASTNCFCYICCSCSSN
290.1,290.1,Class_1,Cyanobactin,RNDAPVQREINTTSSEGGTGLTPSMSGVDYYNPFAGDDAE
210.2,210.2,Class_2,B,MKNVQSLSKEELVLVVGGYTAKQCLQAIGSWGIAGTGAGAAGGPAGAFVGAHVGVIAGSAVCIGGFLGQ
43.1,43.1,Class_1,Lanthipeptide B,MVNSKDLRNPEFRKAQGLQFVDEVNEKELSSLAGSGDVHAQTTWPCATVGVSVALCPTTKCTSQC
20.2,20.2,Class_2,,ECELAKVDGGYTPKNCAMAVGGGMLSGAIRGGMSGTVFGVGTGNLAGAFAGAHIGLVAGGLACIGGYLGSH
206.2,206.2,Class_2,A,MEKFIELSLKEVTAITGGKYYGNGVHCGKYSCTVDWGTAIGNIGNNAAANWATGGNAGWNK
659.1,659.1,Class_1,class_I_lanthipeptide,MKTNKFSALQLNKKAIARLNDSQLTSVKGGKGTQPLAADCTGGGITCSTAGSTIVVQTKVS
362.1,362.1,Class_1,Cyanobactin,IRPQQVAPVERETISTAKDQSGQVTAHYDDKLNLSPFAGDDAE
587.1,587.1,Class_1,TIGR04149 family rSAM-modified RiPP,MMKLKKLKLHVLAEESMKDRTMNALRGGNCCTCSCYWEGNTGSSSNDNRDANYNIGSGGHSTEGCNQYYTCDGEMVIDAEYMKKHLKAN
296.1,296.1,Class_1,Lasso peptide,MSAYEIPTLTRIGKFKDVTKSLGSSPYNDILGYPALIVIYP
52.3,52.3,Class_3,,MPGFNYGGKGDGTGWSSERGSGPEPGGGSHGNSGGHDRGDSSNVGNESVTVMKPGDSYNTPWGKVIINAAGQPTMNGTVMTADNSSMVPYGRGFTRVLNSLVNNPVSPAGQNGGKSPVQTAVENYLMVQSGNLPPGYWLSNGKVMTEVREERTSGGGGKNGNERTWTVKVPREVPQLTASYNEGMRIRQEAADRARAEANARALAEEEARAIASGKSKAEFDAGKRVEAAQAAINTAQLNVNNLSGAVSAANQVI
149.1,149.1,Class_1,Head-to-tailcyclizedpeptides,MSKKQIMSNCISIALLIALIPNIYFIADKMGIQLAPAWYQDIVNWVSAGGTLTTGFAIIVGVTVPAWIAEAAAAFGIASA
475.1,475.1,Class_1,Cyanobactin,MDKKNILPQQGKPVIRITTGQLPSFLAELSEEALGDAGVGASATGCMCAYDGAGASATGCMCAYDGAGASATACACAYDGAGASATACACAYE
305.1,305.1,Class_1,Lasso peptide,MEFEGIPSPDARIDLGLASEETCGQIYDHPEVGIGAYGCEGLQR
388.1,388.1,Class_1,Cyanobactin,MDLQNLLPQQSQPIQRITAGQLPAELAELSELNLSNLSSSSLVLKSGSNCIGKLGDSYCSHVGDEAE
112.2,112.2,Class_2,B,MKQFNYLSHKDLAVVVGGRNNWQTNVGGAVGSAMIGATVGGTICGPACAVAGAHYLPILWTAVTAATGGFGKIRK
275.1,275.1,Class_1,Thiopeptide,MSDITASRVESLDLQDLDLSELTVTSLRDTVALPENGASWGSCSCQASSSCAQPQDM
166.1,166.1,Class_1,Lanthipeptide B,MKSKKVNTEIDTLEFEIDNQELNGTSGSGWWYTAFKMTLAGRCGLCFTCSYECTTNNVHC
82.3,82.3,Class_3,,MNNLYRELAPIPGPAWAEIEEEARRTFKRNIAGRRIVDVAGPTGFETSAVTTGHIRDVQSETSGLQVKQRIVQEYIELRTPFTVTRQAIDDVARGSGDSDWQPVKDAATTIAMAEDRAILHGLDAAGIGGIVPGSSNAAVAIPDAVEDFADAVAQALSVLRTVGVDGPYSLLLSSAEYTKVSESTDHGYPIREHLSRQLGAGEIIWAPALEGALLVSTRGGDYELHLGQDLSIGYYSHDSETVELYLQETFGFLA
204.1,204.1,Class_1,Lanthipeptide C,MAVVRPLDTKEYVMALLDLQAMDTPQEEAVGDLATGSQISLLICEYSSLSVTLCTP
626.1,626.1,Class_1,class_I_lanthipeptide,MENRKKLKRLVLKKEEIVNLNDYQMKEIQGGSTWGCSIASAVSAYEITKDVYSYGKDVSWWNCPYSQQENCMTDVSNKLVNLPDGSRACELPDVYVYGYHP
344.1,344.1,Class_1,Lasso peptide,MQKSVGHNGRQPRRREGVMKQQKQQKKAYVKPSMFQQGDFSKKTAGYFVGSYKEYWSRRII
19.1,19.1,Class_1,Lanthipeptide B,MLNKENQENYYSNKLELVGPSFEELSLEEMEAIQGSGDVQAETTPACFTIGLGVGALFSAKFC
77.3,77.3,Class_3,,MNNLYRDLAPISAAAWAQIEEEVARTFKRSVAGRRVVDVKDPGGFGLAAVGTGHLRGIAAPQKGVDAKLREVKALVELTVPFELQRDEIDAVERGANDADWQPAKDAATELAYAEDRAIFDGYKAAGIVGIREGSSNSRLELPTDAADYPAAVGRALEQLRLAGVDGPYSVLLGADAYTALSEGSDDGYPTIDHIKRIVSGDIIWAPALNGGCVLSTRGGDFELHLGQDLSIGYQSHTDKVVRLYLRETLTFLML
195.1,195.1,Class_1,Lanthipeptide A,MKDNQVTQIKLSIDDLKIDSFVTSIDSEMNMRLAGGLAGQSHPTHTVATDDQGHLCTTIICA
132.2,132.2,Class_2,,AIKLVQSPNGNFAASFVLDGTKWIFKSKYYDSSKGYWVGIYEVWDRK
367.1,367.1,Class_1,Cyanobactin,MTKKNIRPQQVAPVEREIISTAKDKSGQVEAQVIQHYLFPFAGDDAE
264.1,264.1,Class_1,Lanthipeptide B,MSPSTILRQAAADAEFRTALLTDPEVFGVAADAVPESVEQQDQESLGFWTEGVAAIDAYACASTCSAGPFTFVCDGTTK
219.2,219.2,Class_2,B,MNTITICKFDVLDAELLSTVEGGYSGKDCLKDMGGYALAGAGSGALWGAPAGGVGALPGAFVGAHVGAIAGGFACMGGMIGNKFN
16.2,16.2,Class_2,A,MKKKLVICGIIGIGFTALGTNVEAATYYGNGLYCNKQKCWVDWNKASREIGKIIVNGWVQHGPWAPR
131.1,131.1,Class_1,Thiopeptide,MSEIKKALNTLEIEDFDAIEMVDVDAMPENEALEIMGASCTTCVCTCSCCTT
86.2,86.2,Class_2,D,MGAIAKLVAKFGWPIVKKYYKQIMQFIGEGWAINKIIEWIKKHI
630.1,630.1,Class_1,class_I_lanthipeptide,MKKVNTKITLNKQTLASLDQQQMATAKGGFTYSLSLGIACRYSEQVEQATTGAVKIDHASECILS
576.1,576.1,Class_1,TIGR04149 family rSAM-modified RiPP,MKTLKKIKLNGLNDAELRDREMNALNGGRTCSCSCSAPGGSASGDNGGANYKLGTNGGHSISGTPVICFTDDVNGIQGGAASW
668.1,668.1,Class_1,class_I_lanthipeptide,MNKKFSKLQLNKKSIAKLNDLQLNKVKGGKQGAVDHEIHCHVKTATVVTKVQN
25.2,25.2,Class_2,D,MWGRILAFVAKYGTKAVQWAWKNKWFLLSLGEAVFDYIRSIWGG
72.2,72.2,Class_2,,MQTIKELNTMELQEIIGGENDHRMPYELNRPNNLSKGGAKCAAGILGAGLGAVGGGPGGFISAGISAVLGCM
522.1,522.1,Class_1,TIGR04149 family rSAM-modified RiPP,MKKLSKIKLNHLNDDELKNREMNNLRGGERVCGCGCNHEDKGGSTTLYNGVANVAVGDNGGHSPGGSKACFKPGDKEGATSTLAAELW
141.2,141.2,Class_2,a,MKKAALKFIIVIAILGFSFSFFSIQSEAKSYGNGVQCNKKKCWVDWGSAISTIGNNSAANWATGGAAGWKS
92.3,92.3,Class_3,,MAVNDYEPGSMVITHVQGGGRDIIQYIPARSSYGTPPFVPPGPSPYVGTGMQEYRKLRSTLDKSHSELKKNLKNETLKEVDELKSEAGLPGKAVSANDIRDEKSIVDALMDAKAKSLKAIEDRPANLYTASDFPQKSESMYQSQLLASRKFYGEFLDRHMSELAKAYSADIYKAQIAILKQTSQELENKARSLEAEAQRAAAEVEADYKARKANVEKKVQSELDQAGNALPQLTNPTPEQWLERATQLVTQAIAN
94.2,94.2,Class_2,,APAGLVAKFGRPIVKKYYKQIMQFIGEGSAINKIIPWIARMWRT
207.1,207.1,Class_1,Lanthipeptide C,MALLDLQGLESPADLSATRGGSSGSGHSCPSNLSATLCGGTSGLSVLICH
150.1,150.1,Class_1,Head-to-tailcyclizedpeptides,MVKENKFSKIFILMALSFLGLALFSASLQFLPIAHMAKEFGIPAAVAGTVLNVVEAGGWVTTIVSILTAVGSGGLSLLAAAGRESIKAYLKKEIKKKGKRAVIAW
116.2,116.2,Class_2,B,MDNLNKFKKLSDNKLQATIGGGMSGYIQGIPDFLKGYLHGISAANKHKKGRLGY
35.2,35.2,Class_2,,MNTYCNINETMLSEVYGGNSGGAAVVAALGCAAGGVKYGRLLGLWGAAIGGIGGAVVCGYLAYTATS
558.1,558.1,Class_1,TIGR04149 family rSAM-modified RiPP,MKSLKANQIERNNLEEKEMQHITGGQHEGMCGCGCRFEGLGGSSSMDNGLANAETGIWTGDKFTSIQSVIVVAKRTDNLTTN
657.1,657.1,Class_1,class_I_lanthipeptide,MESQNNQGKGLPKLSLNKETISRLNDEQMKNVIGGLVDADTSCGEGSCQSQQGASSCDKNSCNC
635.1,635.1,Class_1,class_I_lanthipeptide,MNNEIKKLKLNKQTLAVLDDKALQNIKGGRNLDAAEASCTSGQCDTSCAKTNAEVE
198.2,198.2,Class_2,,MMIFKKLSEKELQKISGGVGIQKCSLGFSSREYLNKITKWIKHH
506.1,506.1,Class_1,TIGR04149 family rSAM-modified RiPP,MILYFNLNFINMKTLKLNSLNNNQLTKEQMKSVAGGDCIVCQCGCCYVNNGGSSVQTNAGANAKGGLHSANCKIELTVMICS
134.1,134.1,Class_1,Thiopeptide,MDATAIHERWSVMSNASIGQEIGVEGLTGLDVDALEISDYVDETLLDGEDLTVTMIASASCTTCICTCSCSS
547.1,547.1,Class_1,TIGR04149 family rSAM-modified RiPP,MKLLKDLKINQLVVEELEQKQMSALRGGYKCGCGCYWTDLDPYYGASIQDNYNANLSNGYTQSFGGNIICGDTYNLAYASTHKASE
356.1,356.1,Class_1,Cyanobactin,MTKKNIRPQQVAPVERETISTAKDQSGQVQAQTSQIWGSPVPFAGDDAE
42.2,42.2,Class_2,D,MNTKTFEQFDVMTDEALSTVEGGGKGYCKPVYYAANGYSCRYSNGEWGYVVTKGAFQATTDVIANGWVSSLGGGYFGKP
150.2,150.2,Class_2,,MANIRELTLDEITLVSGGNANSNFEGGPRNDRSSGARNSLGRNAPTHIYSDPSTVKCANAVFSGMIGGAIKGGPIGMARGTIGGAVVGQCLSDHGSGNGSGNRGSSSSCSGNNVGGTCNR
676.1,676.1,Class_1,class_I_lanthipeptide,MKSNPFSKLKLNKKSVAKLNKAQLSTVKGGKVVPTQDLNCTELGVTCPIGGVTLVVQTQTT
216.2,216.2,Class_2,,MKLPVQQVYSVYGGKDLPKGHSHSTMPFLSKLQFLTKIYLLDIHTQPFFI
230.2,230.2,Class_2,C / circular,MVLNLKERLQLNRIEAVVLVALFAAVLLFATVNIVWLANKFGVHLTNHLTNSILNAVSNGSSLGSAFAVIAGVTLPGWAVAAVGALGATAA
328.1,328.1,Class_1,Lasso peptide,MTPIQSKFCLLRVGSAKRLTQSFDVGTIKEGLVSQYYFA
91.2,91.2,Class_2,A,MRKKLFSLALIGIFGLVVTNFGTKVDAATRSYGNGVYCNNSKCWVNWGEAKENIAGIVISGWASGLAGMGH
65.2,65.2,Class_2,A,MDPTKYYGNGVYCNSKKCWVDWGQASGCIGQTVVGGWLGGAIPGKC
72.3,72.3,Class_3,,MADNQPVPLTPAPPGMVSLGVNENGEEEMTVIGGDGSGTGFSGNEAPIIPGSGSLQADLGKKSLTRLQAESSAAIHATAKWTTENLAKTQAAQAERAKAAMLSQQAAKAKQAKLTQHLKDVVDRALQNNKTRPTVIDLAHQNNQQMAAMAEFIGRQKAIEEARKKAEREAKRAEEAYQAALRAQEEEQRKQAEIERKLQEARKQEAAAKAKAEADRIAAEKAEAEARAKAEAERRKAEEARKALFAKAGIKDTPV
106.2,106.2,Class_2,,DIDITGCSACKYAAGQVCTIGCSAAGGFICGLLGITIPVAGLSCLGFVEIVCTVADEYSGCGDAVAKEACNRAGLC
64.3,64.3,Class_3,,MKFRKKIITLLSAALVSTSITTSASSIVSADTITDNSTTATETTTVKKTYKWTYPFKANDKYGVRPMSNAQVFGMTNYMRSVNPPSYFHDGWDFGHSEVGYSPVYAIHAGTVKKVAYGSGLGWFIWVISPDKYVEVYQEGFTKKSDIYVKAGQKIKAGQKIGRLTGSHLHLGLTKTDKKYINKHGFPCNNWNVDNGTWLNPISVIQKYMDKQK
193.2,193.2,Class_2,,MKKKFVSSCIASTILFGTLLGVTYKAEAATVHVAGGVWSHGIGKHYVWSHYSHNKRNHGSTAVGKYSSFSGVARPGVQSKASAPKAWGGNKTFYSLH
36.1,36.1,Class_1,Lanthipeptide A,MAKFDDFDLDIVVKKQDDVVQPNVTSKSLCTPGCITGVLMCLTQNSCVSCNSCIRC
546.1,546.1,Class_1,TIGR04149 family rSAM-modified RiPP,MKLLKDLKINQLVVEELEQKQMSALRGGYKCGCGCYFVDQAPYYGSSIQDNYNANVLGGHPQSYGGNQACGDTYNLSSASTHKAP
221.2,221.2,Class_2,,MDNKVAKNVEVKKGSIKATFKAAVLKSKTKVDIGGSRQGCVA
508.1,508.1,Class_1,TIGR04149 family rSAM-modified RiPP,MKAIGRLKITQLSKAELGKRELNRLVGGERCCLCGCHYEDNGGSSTSDNKGANNSGGASGLYSPGGGTSGNATGSFT
9.3,9.3,Class_3,,MRKVFLRSIISTLVMCAFVSSSFSVNADESKPNDEKIINNIENVTTTKDIVKSNKNNIVYLDEGVMSIPLSGRKPIAIKDDNNKEDLTVTLPIKNTGDISKISSNGTILYKNNSSNSSNIALQPKNDGFKALININDKLANKEYEFTFNLPKNSKLISAATYLGKEYDTKEVFVVDKNNIITSIISPAWAKDANGHNVSTYYKIVSNNKLVQVVEFTENTAFPVVADPNWTKIGKCAGSIAWAIGSGLFGGAKLIKIKKYIAELGGLQKAAKLLVGATTWEEKLHAGGYALINLAAELTGVAGIQANCF
629.1,629.1,Class_1,class_I_lanthipeptide,MKKVKKLSLNKEKISKLNNEDMSALNGGLAAATKGGGENHVFCTLGTGASIVSIIYSVISIIKETMEPDPPPPPPPIDCCGTVVNR
33.1,33.1,Class_1,Linaridin,MSMRSEPGSLRLSQLARIDALITEAQSRGFGLSDRFRIHITEEQAAATPDAHHPLFDLSEHDREILNQIIELTGQLEHTTSIGELVEMRAQVVQG
620.1,620.1,Class_1,class_I_lanthipeptide,MKTNKFSALQLNKKSIAKLNDTQLTSVKGGNRGNQLEDNCTNGGITCSTAGSTIIIKDQVS
270.1,270.1,Class_1,Thiopeptide,MEAKLELDLGDLSVEELDVLPTSPGAGLESINVGHAMVEIGASNCTSRGTPASCCSCCCC
92.1,92.1,Class_1,Cyanobactin,MTKKNLKPQQAAPVQREINTTSSESGTSTGLTPHINPYLYPFAGDDAE
163.1,163.1,Class_1,Lanthipeptide A,MEKILDLDVQVKAQKESNDSSGDERITSFSLCTPGCAKTGSFNSYCC
611.1,611.1,Class_1,class_I_lanthipeptide,MKKIQTKLSLNKQTIASLDKQDMATIKGGFTYALSTGQRCQDSRQMMMDCRTLEIVKD
40.2,40.2,Class_2,D,MATQTIENFNTLDLETLASVEGGGCSWGGFAKQGVATGVGNGLRLGIKTRTWQGAVAGAAGGAIVGGVGYGATCWW
85.3,85.3,Class_3,,MSDTMVVNGSGGVPAFLFSGSTLSSYRPNFEANSITIALPHYVDLPGRSNFKLMYIMGFPIDTEMEKDSEYSNKIRQESKISKTEGTVSYEQKITVETGQEKDGVKVYRVMVLEGTIAESIEHLDKKENEDILNNNRNRIVLADNTVINFDNISQLKEFLRRSVNIVDHDIFSSNGFEGFNPTSHFPSNPSSDYFNSTGVTFGSGVDLGQRSKQDLLNDGVPQYIADRLDGYYMLRGKEAYDKVRTAPLTLSDNE
27.1,27.1,Class_1,Lanthipeptide A,MEAVKEKNDLFNLDVKVNAKESNDSGAEPRIASKFICTPGCAKTGSFNSYCC
17.2,17.2,Class_2,,MKEQNSFNLLQEVTESELDLILGAKGGSGVIHTISHEVIYNSWNFVFTCCS
57.1,57.1,Class_1,Linaridin,MSLQRTAQALSDLVATELNTDVTAGSSVPLHEVTCLGVIAVVAATAMDIAAYDVASGAAALAVTTLSV
51.2,51.2,Class_2,A,MDIKSQTLYLNLSEAYKDPEVKANEFLSKLVVQCAGKLTASNSENSYIEVISLLSRGISSYYLSHKRIIPSSMLTIYTQIQKDIKNGNIDTEKLRKYEIAKGLMSVPYIY
325.1,325.1,Class_1,Lasso peptide,MTKRTTIAARRVGLIDLGKATRQTKGLTQIQALDSVSGQFRDQLGLSAD
622.1,622.1,Class_1,class_I_lanthipeptide,MNKIKLNSPLKLNKESISKLQESQMASLRGGNSSKLYGSKGASCTCGNGVTCGTQQTKSGFEE
548.1,548.1,Class_1,TIGR04149 family rSAM-modified RiPP,MKLQKIKLNKLAENSLANREMKEIKGGKCCTCSCAYADTGGSSPKDNRAANYNIGNGGHSTSGDNYYFMCIEVGPLT
113.2,113.2,Class_2,B,MKLNDKELSKIVGGNRWGDTVLSAASGAGTGIKACKSFGPWGMAICGVGGAAIGGYFGYTHN
85.2,85.2,Class_2,B,NRWYCNSAAGGVGGAAVCGLAGYVGEAKENIAGEVRKGWGMAGGFTHNKACKSFPGSGWASG
520.1,520.1,Class_1,TIGR04149 family rSAM-modified RiPP,MKKLRKLKLNALSEASLEDKEMNALRGGNCCTCSCYWEDQGGSSSSDNSSANSMIGDGGYSLQ
536.1,536.1,Class_1,TIGR04149 family rSAM-modified RiPP,MKLKKIKLNKLAENSLANREMKELKGGNCCLCASRYADHGGSSTAANRDANYDHNYTSVGYPHPCK
648.1,648.1,Class_1,class_I_lanthipeptide,MHKIKLTKGLQINKEQISKLQEEQMNSLKGGVNSLQAAAQSCGQCSCGGNTIVKTRAAQ
120.2,120.2,Class_2,D,MENLNLNQLENINGGYWKTIWAVGPGLYQRDTETGKYRWIQTQDNLSYTTNVIANGWAGSAAGGYFSGR
192.2,192.2,Class_2,D,MQRDKFKNYEKKLFDMEIKKLETFHQMTIEKLAKVEGGKNNWQANVSGVIAAGSAGAAIGFPVCGVAWS
231.2,231.2,Class_2,,MATQTIENFNTLDLETLASVEGGLSCDEGMLAVGGLGAVGGPWGAVGGVLVGAALYCF
125.2,125.2,Class_2,B,KKWGWLAWVDPAYEFIKGFGKGAIKEGNKDKWKNI
128.2,128.2,Class_2,,MKELSEKELRECVGGSIWGDIGQGVGKAAYWVGKAMGNMSDVNQASRINRKKKH
191.2,191.2,Class_2,D,MQRDKFKNYEKKLFDMEIKKLETFHQMTIEKLAKVEGGKNNWQANVSGVIAAGSAGAAIGFPVCGVACGYIGAKTAITLWAGVTGATGGF
222.2,222.2,Class_2,A,MNTIEKFENIKLFSLKKIIGGKTVNYGNGLYCNQKKCWVNWSETATTIVNNSIMNGLTGGNAGWHSGGRA
47.1,47.1,Class_1,Lanthipeptide B,MNKNEIETQPVTWLEEVSDQNFDEDVFGACSTNTFSLSDYWGNNGAWCTLTHECMAWCK
142.2,142.2,Class_2,,MELLNEKELAHVIGGKRKCPKTPFDNTPGAWFAHLILGC
636.1,636.1,Class_1,class_I_lanthipeptide,MKKRSFSPLKLDKKTIAKLNDEQLKTLKGGNRGVDGISQPGTTVNTSGCTSNSCN
512.1,512.1,Class_1,TIGR04149 family rSAM-modified RiPP,MKKISMIELSRRAMGAREMNALTGGNVCGCGCHGPSSTQANANANYKGNKSSNGSQSVVIADMSDGQVEVHNP
53.1,53.1,Class_1,Lasso peptide,MTSQPSKKTYNAPSLVQRGKFARTTAGSQLVYREWVGHSNVIKGPP
129.2,129.2,Class_2,,MKNNNNNFFKDMEIIEDQELVSITGGKKWGWLAWVEPAGEFLKGFGKGAIKEGNKDKWKNI
672.1,672.1,Class_1,class_I_lanthipeptide,MKKKLTLKKERIKELSAPQMSNIAGGKTAKSSNNGFTCCWCLGDVIVNPDEPASASGTCTSEPSRCTC
149.2,149.2,Class_2,,MNLNGLPASTNVIDLRGKDMGTYIDANGACWAPDTPSIIMYPGGSGPSYSMSSSTSSANSGS
595.1,595.1,Class_1,TIGR04149 family rSAM-modified RiPP,MRLQQFKLNKLAGNSLANREMKEIKGGKCCRCSCAYVNTGGSNPKG
48.2,48.2,Class_2,D,MNNVKELSIKEMQQVTGGDQMSDGVNYGKGSSLSKGGAKCGLGIVGGLATIPSGPLGWLAGAAGVINSCMK
102.2,102.2,Class_2,,ANCSCSTASDYCPILTFCTTGTACSYTPTGCGTGWVYCACNGNFY
11.2,11.2,Class_2,,MKLSVRRSLGVATVAAAALAATVVPAAAATTSPTTASAIGPTINRTDCNENSYLEIHNNEGRDTLCFANAGTMPVAIYGVNWVESGNNVVTLQFQRNLSDPRLETITLQKWGSWNPGHIHEILSIRIY
165.2,165.2,Class_2,,MYKELTVDELALIDGGKKKKKKVACTWGNAATAAASGAVXGILGGPTGALAGAIWGVSQCASNNLHGMH
161.1,161.1,Class_1,Lanthipeptide A,MSDFTLDFAEGDAADTVSPQITSKSLCTPGCITGWMMCNTVTKGCSFTIGK
82.1,82.1,Class_1,Linaridin,MMTKLAEAELAGLDAVIEARRMTSDTSDKYEQIVIPIGNAGTAVAGDNAGLSGGEGLSLGVLMKLRENALS
49.1,49.1,Class_1,Lanthipeptide B,MKEQNSFNLLQEVTESELDLILGAKGGSGVIHTISHECNMNSWQFVFTCCS
541.1,541.1,Class_1,TIGR04149 family rSAM-modified RiPP,MKLKKLKLNALSEAGLKDKEMNALKGGYLGCRCSCYWADQGGSSSDDNMGANYTKGDGAHSTEGCNQYWAVGSGVFDGPDCNESNNCG
26.1,26.1,Class_1,Lanthipeptide A,MENKKDLFDLEIKKDNMENNNELEAQSLGPAIKATRQVCPKATRFVTVSCKKSDCQ
137.2,137.2,Class_2,,MKKFKELKENELTAITGGSFVGYYLGRFLASATHYYGKTVTKGHMHSSTINN
41.3,41.3,Class_3,,METAVAYYKDGVPYDDKGQVIITLLNGTPDGSGSGGGGGKGGSKSESSAAIHATAKWSTAQLKKTQAEQAARAKAAAEAQAKAKANRDALTQRLKDIVNEALRHNASRTPSATELAHANNAAMQAEDERLRLAKAEEKARKEAEAAEKAFQEAEQRRKEIEREKAETERQLKLAEAEEKRLAALSEEAKAVEIAQKKLSAAQSEVVKMDGEIKTLNSRLSSSIHARDAEMKTLAGKRNELAQASAKYKELDELVK
60.3,60.3,Class_3,,MGSNGADNAHNNAFGGGKNPGIGNTSGAGSNGSASSNRGNSNGWSWSNKPHKNDGFHSDGSYHITFHGDNNSKPKPGGNSGNRGNNGDGASAKVGEITITPDNSKPGRYISSNPEYSLLAKLIDAESIKGTEVYTFHTRKGQYVKVTVPDSNIDKMRVDYVNWKGPKYNNKLVKRFVSQFLLFRKEEKEKNEKEALLKASELVSGMGDKLGEYLGVKYKNVAKEVANDIKNFHGRNIRSYNEAMASLNKVLANPK
552.1,552.1,Class_1,TIGR04149 family rSAM-modified RiPP,MKNLKLNKLAKEKLNNKQLTDTKGGLKAVVIVGPLCGCGCRYADNGGSSSNDNACANADGGLR
528.1,528.1,Class_1,TIGR04149 family rSAM-modified RiPP,MKKLSKIKLTNLSQEDLADREMNALRGGHTCGCGCTGPSSKADNHSDNEDGDKYTASGSVICTWTGSSTSEVIVYGGSKAPGMP
29.2,29.2,Class_2,A,MATQTIENFNTLDLETLASVEGGGCSWRGAGGATVQGAIGGAFGGNVVLPVVGSVPGYLAGGVLGGAGGTVAYGATCWWS
176.1,176.1,Class_1,Lanthipeptide B,MSEKNMEKAGVVKADELDEMIDETTGGASTVNTVGIHTTYLISKGLQNCPLKPTTILPILPRK
104.2,104.2,Class_2,,MKNFNTLSFETLANIVGGRNNWAANIGGVGGATVAGWALGNAVCGPACGFVGAHYVPIAWAGVTAATGGFGKIRK
183.2,183.2,Class_2,B,MTKTSRRKNAIANYLEPVDEKSINESFGAGDPEARSGIPCTIGAAVAASIAVCPTTKCSKRCGKRKK
134.2,134.2,Class_2,,KGKGFWSWASKATSWLTGPQQPGSPLLKKHR
140.1,140.1,Class_1,Cyanobactin,MNKKNILPQQGQPVIRLTAGQLSSQLAELSEEALGDAGLEASVAACITFCAYDGVEPSCTLCCTLCAYDGE
523.1,523.1,Class_1,TIGR04149 family rSAM-modified RiPP,MKKLSKIKLNHLNDDELKNREMNNLRGGRICGCGCNYADSGGSTTMYNGGANYKLGDDGGYSPGGSKACYTEGKKGITSTLAVEGWA
208.2,208.2,Class_2,C,MQNTKELSVVELQQILGGKRASFGKCVVGAWGAGAAGLGAGVSGGLWGMAAGGIGRELAYMGANGCL
97.2,97.2,Class_2,,MKKYNELSKKELLQIQGGIAPIIVAGLGYLVKDAWDHSDQIISGFKKGWNGGRRK
17.3,17.3,Class_3,,RFAHDPMAGGHRMWQMAGLKAQRAQTDVNNKQAAFDAAAKEKADADAALSTAMESRKKKEDNKRDAEGKLNDELAKNKGKIPGLKIDQKIRGQMPERGWTEDDIKNTVSNGATGTSFDKRSPKKTPPDYLGRNDPATVYGSPGKYVVVNDRTGEVTQISDKTDPGWVDDSRIQWGNKNDQ
58.3,58.3,Class_3,,MSGGDGRGHNTGAHSTSGNINGGPTGIGVSGGASDGSGWSSENNPWGGGSGSGIHWGGGSGRGNGGGNGNSGGGSGTGGNLSAVAAPVAFGFPALSTPGAGGLAVSISASELSAAIAGIIAKLKKVNLKFTPFGVVLSSLIPSEIAKDDPNMMSKIVTSLPADDITESPVSSLPLDKATVNVNVRVVDDVKDERQNISVVSGVPMSVPVVDAKPTERPGVFTASIPGAPVLNISVNDSTPAVQTLSPGVTNNTDK
312.1,312.1,Class_1,Lasso peptide,MTKTHRLIRLGDAQRLTQGTLTPGLPEDFLPGHYMPG
61.1,61.1,Class_1,Lanthipeptide B,MKNNNKICQDALESLQELKLEEVDELLGGAGHGVNTISAECRWNSLQAIFSCC
117.2,117.2,Class_2,B,MESNKLEKFANISNKDLNKITGGGFWGGLGYIAGRVGAAYGHAQASANNHHSPING
353.1,353.1,Class_1,Cyanobactin,MDKKNILPHQGKPVRLTTNGKLPSHLAELSEEALGGNGVDASACMPCYPSYDGVDASVCMPCYPSYDGVDASVCMPCYPSYDDAE
147.2,147.2,Class_2,,MYMRELDREELNCVGGAGDPLADPNSQIVRQIMSNAAWGPPLVPERFRGMAVGAAGGVTQTVLQGAAAHMPVNVPIPKVPMGPSWNGSKG
301.1,301.1,Class_1,Lasso peptide,MTQSQETEMDTNENIRSNAQDDVIELSVASVETKGVLPIGNEFMGHAATPGITE
539.1,539.1,Class_1,TIGR04149 family rSAM-modified RiPP,MKLKKLKLNALSEAGLKDKEMNALKGGTCCSCSCYWEGKPGGSSSTDNSGANYQFGGESSEGCNEFVY
47.3,47.3,Class_3,,MVCFKSQRGMNMPGFNYGGYGDGTGWSSESGGPAPGGGMHGNSGGQRGDNANSSNSVSQQISAIQNDQKLKQKVVNMLIAARKMNPEAKMILGSIAPSGVMQVTIEGVTSTQAKQLGLGGLVMGYNASGVIGAVGEIDTGHRLNASGASTPGSETSVESFVNGQKPAGEWHAVAKDSWTGAGPVNVGLVNNAIKSVRIIKKGYVTGVLLPEEVMNKAEYKAMRQAFDSLPLAKQGEAVRQIVAAWSLAYQDFPVN
124.1,124.1,Class_1,Lanthipeptide A,MNNTIKDFDLDLKTNKKDTATPYVGSRYLCTPGSCWKLVCFTTTVK
85.1,85.1,Class_1,Lanthipeptide A,MKVDQMFDLDLRKSYEASELSPQASIIKTTIKVSKAVCKTLTCICTGSCSNCK
8.2,8.2,Class_2,D,MISMISSHQKTLTDKELALISGGKTYYGTNGVHCTKKSLWGKVRLKNVIPGTLCRKQSLPIKQDLKILLGWATGAFGKTFH
514.1,514.1,Class_1,TIGR04149 family rSAM-modified RiPP,MKKLGKIKLNQFSKDELERRKMNALKGGCGCRAGCSCSGPANAGGSIDACNHVLDDIASRYESY
77.2,77.2,Class_2,A,MKHLKILSIKQTQLIYGGTTHSGKYYGNGVYCTKNKCTVDWAKATTCIAGMSIGGFLGGAIPGKC
193.1,193.1,Class_1,Lanthipeptide C,MQEILELQELPSASATEDMPLVSTLSVSSPCPGWPSSFTWSNC
167.1,167.1,Class_1,Lanthipeptide B,MKQDNFEIDSLDYEINSQELNGKSAAGWYTAVRLTVQGRCGWWFTHSYECTSPNVRCG
180.2,180.2,Class_2,B,MNNALSFEQQFTDFSTLSDSELESVEGGRNKLAYNMGHYAGKATIFGLAAWALLA
129.1,129.1,Class_1,Linaridin,MPRESAPSRRTAGELALRITDRKRTTMSVVADFANTELADVTPGRIGNDATPTMLTPLAALATPEGVAVTAATAYALNEVTNDLAG
121.2,121.2,Class_2,D,MKNQLNFNIVSDEELSEANGGKLTFIQSTAAGDLYYNTNTHKYVYQQTQNAFGAAANTIVNGWMGGAAGGFGLHH
199.2,199.2,Class_2,A,KYYGNGVTCGKHSCSVDXGKATTCIINNGAMAXATGGHQGNHKC
39.3,39.3,Class_3,,MSDPVRITNPGAESLGYDSDGREIMAVDIYVNPPRVDVFHGTPPAWSSFGNKTIWGGNEWVDDSPTRSDIEKRDKEITAYKNTLSAQQKENENKRTEAGKRLSAAIAAREKDENTLKTLRAGNADAADITRQEFRLLQAELREYGFRTEIAGYDALRLHTESRMLFADADSLRISPREARSLIEQAEKRQKDAQNADKKAADMLAEYERRKGILDTRLSELEKNGGAALAVLDAQQVRLLGQQTRNDRAISEARN
206.1,206.1,Class_1,Lanthipeptide C,MALLDLQAMDTPAEDSFGELATGSQVSLLVCEYSSLSVVLCTP
45.2,45.2,Class_2,,MHKVKKLNNQELQQIVGGYSSKDCLKDIGKGIGAGTVAGAAGGGLAAGLGAIPGAFVGAHFGVIGGSAACIGGLLGN
624.1,624.1,Class_1,class_I_lanthipeptide,MENEKKPKKLTLNKERIAHMTNAEMQSVLGGDGSTAHDFTCSWCTSGYNQNPDIYATKTTIYGQYSGDTWGVGGYVNTTGGGGIKVYINF
203.1,203.1,Class_1,Lanthipeptide B,MSEEQLKAFIAKVQADTSLQEQLKAEGADVVAIAKAAGFTITTEDLNSHRQNLTDDELEGVAGGTASGGCDTSMFCY
112.1,112.1,Class_1,Linaridin,MSSIENALNSVEIPVEGVVYVAARPTLGTPRIARIGRIAQAAEGIGAIAAAATAGVGVAQAAEANNLAAEANAQNAAALAAVGGAPAS
71.1,71.1,Class_1,Cyanobactin,MRITPMDKKNILPQQGKPVFRTTTGKLPSYLAELSEEALGGNGLEASHCATICAFDGAEASHCATICAFDGDEA
224.2,224.2,Class_2,,MEEQIFNSMIQQGAFAALFVWMLFTTQKKNEQREEQYQKVIEKNQDVITKQAEAFGDLSKDVSEIKQKILGSGDVQ
13.3,13.3,Class_3,,METAVAYYKDGVPYDDKGQVIITLLNGTPDGSGSGGGGGKGGSKSESSAAIHATAKWSTAQLKKTQAEQAARAKAAAEAQAKAKANRDALTQRLKDIVNEALRHNASRTPSATELAHANNAAMQAEAERLRLAKAEEKARKEAEAAEKAFQEAEQRRKEIEREKAETERQLKLAEAEEKRLAALSEEAKAVEIAQKKLSAAQSEVVKMDGEIKTLNSRLSSSIHARDAEMKTLAGKRNELAQASAKYKELDELVK
160.2,160.2,Class_2,,MGAIAKLVAKFGXXIVVKYYKQIMQFIGQGVTINXIPLIXF
166.2,166.2,Class_2,A,MMKKIEKLTEKEMANIIGGKYYGNGVTCGKHSCSVNWGQAFSCSVSHLANFGHGKC
52.2,52.2,Class_2,D,MENLQMLTEEELMEIEGGGWWNSWGKCVAGTIGGAGTGGLGGAAAGSAVPVIGTGIGGAIGGVSGGLTGAATFC
59.3,59.3,Class_3,,METLTVHAPSPSTNLPSYGNGAFSLSAPHVPGAGPLLVQVVYSFFQSPNMCLQALTQLEDYIKKHGASNPLTLQIISTNIGYFCNADRNLVLHPGISVYDAYHFAKPAPSQYDYRSMNMKQMSGNVTTPIVALAHYLWGNGAERSVNIANIGLKISPMKINQIKDIIKSGVVGTFPVSTKFTHATGDYNVITGAYLGNITLKTEGTLTISANGSWTYNGVVRSYDDKYDFNASTHRGIIGESLTRLGAMFSGKEY
37.1,37.1,Class_1,Lanthipeptide A,MAKLDDFDLDIVVKKQDNIVQPNITSKSLCTPGCITGILMCLTQNSCVSCNSCIRC
66.2,66.2,Class_2,A,MKNLKEGSYTAVNTDELKSINGGTKYYGNGVYCNSKKCWVDWGQASGCIGQTVVGGWLGGAIPGKC
640.1,640.1,Class_1,class_I_lanthipeptide,MHKIKLTKGLQINKEQISKLQEEQMNSLKGGVNSLQAAAQSCGQCSCGGNTVVKTRATQ
221.1,221.1,Class_1,Thiopeptide,MSELESKLNLSDLPMDVFEMADSGMEVESLTAGHGMPEVGASCNCVCGFCCSCSPSA
204.2,204.2,Class_2,A,MKNTRSLTIQEIKSITGGKYYGNGVSCNSHGCSVNWGQAWTCGVNHLANGGHGVC
306.1,306.1,Class_1,Lasso peptide,MKEFAMDEELELEIVDLGDAKELTQGAPSLINSEDNPAFPQRV
303.1,303.1,Class_1,Lasso peptide,MERIEDHIDDELIDLGAASVETQGDVLNAPEPGIGREPTGLSRD
540.1,540.1,Class_1,TIGR04149 family rSAM-modified RiPP,MKLKKLKLNALSEAGLKDKEMNALKGGTCCSCSCYWEGKPGGSSSTDNSGANYQFGGESSEGCNEFVYCDEPNEGVPLPSAGI
12.2,12.2,Class_2,,MKQLNSEQLQNIIGGNRWTNAYSAALGCAVPGVKYGKKLGGVWGAVIGGVGGAAVCGLAGYVRKG
608.1,608.1,Class_1,class_I_lanthipeptide,MQKIKLTKGLQINKEQISKLQEEQMNSLKGGNNRIQAPSQSCGQCSCNGSTQAELRLA
111.1,111.1,Class_1,Linaridin,MNDFLLIPSVVALGIVGFLIATRAVSTPAVIGVALVVLWGACSQARSTVHPRHTSSKKRRQHP
371.1,371.1,Class_1,Cyanobactin,MDKKNITPNPQQPVDRVPSGQLPSALAELSEEAIGSLALASGLPGMPCFCSYEGDDE
19.2,19.2,Class_2,,MTTMKELTINDMASISGGNAPGDAVIGGLGGLASGLKFCKLPHPVLTGGCVVGFTVGGAYLGYTAN
87.2,87.2,Class_2,D,MGAIAKLVTKFGWPLIKKFYKQIMQFIGQGWTIDQIEKWLKRH
109.2,109.2,Class_2,,MLNKKLLENGVVNAVTIDELDAQFGGMSKRDCNLMKACCAGQAVTYAIHSLLNRLGGDSSDPAGCNDIVRKYCK
104.1,104.1,Class_1,Lanthipeptide B,MKNSKDVLNNAIEEVSEKELMEVAGGKKGPGWIATITDDCPNSIFVCC
56.1,56.1,Class_1,Linaridin,MSLQKTAQTLNDRVTTEIDPDATASTSVLHRENTCIGVVTIIVGAAADVAAFDVATGASALAATALAI
56.2,56.2,Class_2,D,MRELTSIEMNNVSGGDLATRIEASIVFGVSAFFAGSIWGGTRGGDGGGILGVGSIAQGVGMVYGGIVGGIGGLIAGFVLDKNVTYNYAVGFYNSLFNGTFTK
13.1,13.1,Class_1,Lanthipeptide B,MNKDLNALTNPIDEKELEQILGGGDGVFRTISHECHMNTWMFIFTCCS
30.2,30.2,Class_2,D,MDTKIMEQFHEMDITMLSSIEGGKNNWQTNVLEGGGAAFGGWGLGTAICAASGVGAPFMGACGYIGAKFGVDLWAGVTGATGGF
146.1,146.1,Class_1,Lasso peptide,MVRLLAKLLRSTIHGSNGVSLDAVSSTHGTPGFQTPDARVISRFGFN
526.1,526.1,Class_1,TIGR04149 family rSAM-modified RiPP,MKKLSKIKLTNLSQEDLADREMNALRGGHNCGCACSSTSKATNHSSNEDRDLHSPEGNVICTWVGGAGSDISVYGGSKAPGMP
568.1,568.1,Class_1,TIGR04149 family rSAM-modified RiPP,MKTLKKIKLHNIAQENLADREMNILRGGNNCNCGCDNGGPSSKSDVFDFNKGYGYPSSCTCGCHGPSALANNQEANKYAGI
11.3,11.3,Class_3,,RFAHDPMAGGHRMWQMAGLKAQRAQTDVNNKQAAFDAAAKEKSDADAALSAAQERRKQKENKEKDAKDKLDKESKRNKPGKATGKGKPVGDKWLDDAGKDSGAPIPDRIADKLRDKEFKNFDDFRRKFWEEVSKDPELSKQFNPGNKKRLSQGLAPRARNKDTVGGRRSFELHHDKPISQDGGVYDMDNLRITTPKRHIDIHRGQ
119.2,119.2,Class_2,D,MKTKSLVLALSAVTLFSAGGIVAQAEGTWQHGYGVSSAYSNYHHGSKTHSATVVNNNTGRQGKDTQRAGVWAKATVGRNLTEKASFYYNFW
368.1,368.1,Class_1,Cyanobactin,MTKKNIRPQQVAPVERETISTAKDQSGQVQAQNAHWQNFGVPFAGDDAE
100.1,100.1,Class_1,Lanthipeptide B,MRNDVLTLTNPMEEKELEQILGGGNGVLKTISHECNMNTWQFLFTCC
447.1,447.1,Class_1,Cyanobactin,MNKKNILPQLGQPVIRLTAGQLSSQLAELSEEALGGVDASTLPVPTLCSYDGVDASTVPTLCSYDD
21.2,21.2,Class_2,,MSYEKLNNEELSKILGGNGINWGAVAGSCASGAVIGAAFGNPLTGCVANSAFSFSWQAFKNRPRPKKIA
161.2,161.2,Class_2,A,MKKIEKLTEKEMANIIGGKYYGNGVTCGKHSCSVDWGKATTCIINNGAMAWATGGHQGNHKC
7.1,7.1,Class_1,Lanthipeptide B,MSINEKSIVGESFEDLSAADMAMLTGRNDDGVAPASLSFAVSVLSVSFSACSVTVVTRLASCGNCK
46.1,46.1,Class_1,Lanthipeptide C,MASILELQNLDVEHARGENRSDWSLWECCSTGSLFACC
86.3,86.3,Class_3,,MNNLHRELAPITSEAWAAIEEEAGRTFKRHIAGRRVVDVAGPHGVDFSAVGLGRTTGIAAPDEGVQARQRVVAPLVELRVPFTLSREELDNVERGAKDTDLDAVKEAARRIAFAEDRAIFEGYPAAGITGIRAAGSNAPITVPDDARLVPEAITQALTALRLAGVDGPYSVLLSAELYTEVSETSDHGYPIRTHIERLIPDGEIIWAPAIDGAFVLTTRGGDYELTLGQDVSIGYLSHDADTVRLYFQQTMQFLV
29.1,29.1,Class_1,Lanthipeptide A,MNNSLFDLNLNKGVETQKSDLSPQSASVLKTSIKVSKKYCKGVTLTCGCNITGGK
133.1,133.1,Class_1,Thiopeptide,MDLSDLPMDVFELADDGVAVESLTAGHGMTEVGASCNCFCYICCSCSSA
579.1,579.1,Class_1,TIGR04149 family rSAM-modified RiPP,MKTLRRIKLNSLSQEDLADREMNALRGGHTCGCACKQGAEFKATNYSANVADDKYSPEGNIICNWVGGSGSDMAVYGGSKVPGMP
555.1,555.1,Class_1,TIGR04149 family rSAM-modified RiPP,MKQLKKLKLTRLSQEDLAEKQMKALRGGFNCGCGCHYEFEGGGSSRKDNYNSNLSSGKNSYGGNVACGDELNSATHTTHN
583.1,583.1,Class_1,TIGR04149 family rSAM-modified RiPP,MKTLSRLKLNQLNAEELEQRQMNALRGGYKCGCGCNYIDTGGYPIGESYNSNLSNGYTQSYGGNVACGDGVPTTAPTH
646.1,646.1,Class_1,class_I_lanthipeptide,MKKLQLNKKTVSVLNKKEMSTVKGGQQAEFLSVYSCRASRSGNDCCGSSVPGIL
14.2,14.2,Class_2,,MKKTKLLVASLCLFSSLLAFTPSVSFSQNGGVVEAAAQRGYIYKKYPKGAKVPNKVKMLVNIRGKQTMRTCYLMSWTASSRTAKYYYYI
653.1,653.1,Class_1,class_I_lanthipeptide,MKKPTKKLTLSKDTLRALNETEMKQVAGGAPTSVVACTGTDPTEATVCYTNVLCSTGEFYGCCF
36.2,36.2,Class_2,,MNTYCNINETMLSEVYGGNSGGAAVVAALGCAAGGVKYGKILGPWGAAIGGIGGAVVCGYLAYTATS
90.2,90.2,Class_2,,MKKEILNQEEMLKVIGGKINWGSVGGSCVGGAVIGGALGGLGGAGGGCLTGAIGSIWDIQW
557.1,557.1,Class_1,TIGR04149 family rSAM-modified RiPP,MKSISRLKITQLSKAELGKRELNRLVGGARCCLCGCHYENNGGSSTSDNKDANSSGGASGLYSPGGGTSGNATGSFT
625.1,625.1,Class_1,class_I_lanthipeptide,MSKYNEVPNAKLSFDKETVANLSEQEMDQLAGGQEAAYQTVNSTASDITCCWCTSTRPTPVEEQV
564.1,564.1,Class_1,TIGR04149 family rSAM-modified RiPP,MKSLKVNQIEKNNLSEKEMSSVKGGNVCNCACYYRNVGGSSIEANGQANWAGNKNSIHKTVDSALMIDDGNGGCRDFWRTK
287.1,287.1,Class_1,Lanthipeptide A,MANNVFDLDVEVKSVNSVNQNIGLFTSTCFSSQCFSSKCFTDTCFSSNCFTGRHQCGYTHGSC
637.1,637.1,Class_1,class_I_lanthipeptide,MKPTKKSLKKLSFNSETISSLNNEELKAIKGGDGFVVVDPSTEFFGSRLTCFQTRSDRGCTSHTKCTRNSDGTGGGTILCID
259.1,259.1,Class_1,Lanthipeptide B,MTNEEIIVAWKNPKVRGKNMPSHPSGVGFQELSINEMAQVTGGAVEQRATPTLATPLTPHTPYATYVVSGGVVSAISGIFSNNKTCLG
138.1,138.1,Class_1,Cyanobactin,MGKKNIQPNSSQPVFRSLVARPALEELREENLTEGNQGHGPLANGPGPSGDGLHPRLCSCSYDGDDE
198.1,198.1,Class_1,Lanthipeptide B,MSEEQLKAFIAKVQADTSLQEQLKAEGADVVAIAKAAGFSITTEDLEKEHRQTLSDDDLEGVAGGFFCVQGTANRFTINVC
107.2,107.2,Class_2,A,MKKKVLKHCVILGILGTCLAGIGTGIKVDAATYYGNGLYCNKEKCWVDWNQAKGEIGKIIVNGWVNHGPWAPRR
610.1,610.1,Class_1,class_I_lanthipeptide,MSKHNEVPNAKLSFNKEAVANLSEQEMDQLAGGREAGYATVNSTNADITCCWCTSTKPTPPAQEAV
156.1,156.1,Class_1,Lasso peptide,MIKHFHFNKLSSGKKNNVPSPAKGVIQIKKSASQLTKGGAGHVPEYFVGIGTPISFYG
154.1,154.1,Class_1,Head-to-tailcyclizedpeptides,MKLIDHLGAPRWAVDTILGAIAVGNLASWVLALVPGPGWAVKAGLATAAAIVKHQGKAAAAAW
357.1,357.1,Class_1,Cyanobactin,MTKKNIRPQQVAPVERETISTAKDQSGQVQAQDNWLGEWIGIPFAGDDAE
7.2,7.2,Class_2,,MALKTLEKHELRNVMGGNKWGNAVIGAATGATRGVSWCRGFGPWGMTACALGGAAIGGYLGYKSN
621.1,621.1,Class_1,class_I_lanthipeptide,MKLTKALQINKEQISKLQEEQMNSLKGGVNSLQAAAQSCGQCSCGGNTVVQTRIAK
33.2,33.2,Class_2,,MDTKIMEQFHEMDITMLSSIEGGKNNWQTNVLEGGGAAFGGWGLGTAICAASGVGAPFMGACGYIGAKFGVALWAGVTGATGGF
304.1,304.1,Class_1,Lasso peptide,MQRIIDETTDGLIELGAASVETQGDVLFAPEPGVGRPPMGLSED
348.1,348.1,Class_1,Cyanobactin,MRITPMDKKNLLPNQGAPVIRGISGKLPSHLAELSEEALGGNGAEASATVSICAFDGAEASFTGCMCAFDGAEASITGCICAFDGAEASITGCICAFDGDEA
34.1,34.1,Class_1,Lanthipeptide A,MEAVKEKNELFDLDVKVNAKESNDSGAEPRIASKFLCTPGCAKTGSFNSYCC
509.1,509.1,Class_1,TIGR04149 family rSAM-modified RiPP,MKIKRFKLNALSAEGLRQKEMNAIIGGNSCGCSCAYANSGGSSTSANMSANYGYDTSSSYGCNQVTKDDYGLGVVIQNHA
310.1,310.1,Class_1,Lasso peptide,MERTEVIEEVIDLGKASVETKGEALIDQDVGGGRQQFLTGIAQD
2.3,2.3,Class_3,,MSGGDGKGHNSGAHDSGGSINGTSGKGGPDSGGGYWDNHPHITITGGREVGQGGAGINWGGGSGHGNGGGSVAIQEYNTSKYPNTGGFPPLGDASWLLNPPKWSVIEVKSENSAWRSYITHVQGHVYKLTFDGTGKLIDTAYVNYEPSDDTRWSPLKSFKYNKGTAEKQVRDAINNEKEAVKDAVKFTADFYKEVFKVYGEKAEKLAKLLADQAKGKKVRNVEDALKSYEKYKTNINKKINAKDREAIAKALESM
197.1,197.1,Class_1,Lanthipeptide A,MGISSPALPQNTADLFQLDLEIGVEQSLASPAITSVSWCTPGCTSEGGGSGCSHCC
126.2,126.2,Class_2,A,TSYGNGVHCNKSKCWIDVSELETYKAGTVSNPKDILW
48.1,48.1,Class_1,Lanthipeptide B,MKEKNMKKNDTIELQLGKYLEDDMIELAEGDESHGGTTPATPAISILSAYISTNTCPTTKCTRAC
128.1,128.1,Class_1,Lanthipeptide A,MSKFDDFDLDVVKVSKQDSKITPQWKSESLCTPGCVTGALQTCFLQTLTCNCKISK
63.2,63.2,Class_2,,AYPGNGVHCGKYSCTVDKQTAIGNIGNNAA
64.1,64.1,Class_1,Lanthipeptide A,MPADILETRTSETEDLLDLDLSIGVEEITAGPAVTSWSLCTPGCTSPGGGSNCSFCC
143.2,143.2,Class_2,,MKQFDEQKMVNMSDEELLGFIGGDSIRDVSPTFNKIRRWFDGLFK
361.1,361.1,Class_1,Cyanobactin,MTKKNIRPQQVAPVQRETISNAKDQSGQVTPHHQPWHAAPFAGDDAE
25.1,25.1,Class_1,Lanthipeptide A,MSKFDDFDLDVVKVSKQDSKITPQWKSESVCTPGCVTGLLQTCFLQTITCNCKISK
559.1,559.1,Class_1,TIGR04149 family rSAM-modified RiPP,MKSLKLNKINRNQLTAKQMNAVTGGGSCGCSCYWAGQNGSSTIDNGIENWKGRMSSLQGDNAFQICCAP
173.2,173.2,Class_2,B,MKIKLTVLNEFEELTADAEKNISGGRRSRKNGIGYAIGYAFGAVERAVLGGSRDYNK
207.2,207.2,Class_2,A,MEKFIELSLKEVTAITGGKYYGNGVHCGKHSCTVDWGTAIGNIGNNAAANWATGGNAGWNK
187.2,187.2,Class_2,,MKKTLLRSGTIALATAAAFGASLAAAPSAMAVPGGCTYTRSNRDVIGTCKTGSGQFRIRLDCNNAPDKTSVWAKPKVMVSVHCLVGQPRSISFETK
550.1,550.1,Class_1,TIGR04149 family rSAM-modified RiPP,MKLQKLKLNKLAENSLANREMKELIGGNFCTCGCHYANSGGSSYDANGSANNAGNLQSYGGGDPYLDEVVVIGQKP
91.3,91.3,Class_3,,MARPIADLIHFNSTTVTASGDVYYGPGGGTGIGPIARPIEHGLDSSTENGWQEFESYADVGVDPRRYVPLQVKEKRREIELQFRDAEKKLEASVQAELDKADAALGPAKNLAPLDVINRSLTIVGNALQQKNQKLLLNQKKITSLGAKNFLTRTAEEIGEQAVREGNINGPEAYMRFLDREMEGLTAAYNVKLFTEAISSLQIRMNTLTAAKASIEAAAANKAREQAAAEAKRKAEEQARQQAAIRAANTYAMPA
152.2,152.2,Class_2,,MGAIAKLVAKFGWPIVKKYYKQIMQFIGEGWAINKIIDWIKKHI
588.1,588.1,Class_1,TIGR04149 family rSAM-modified RiPP,MMKLKKLKLNALSEAGLKDKEMNALKGGTCCSCSCYWEGKPGGSSSTDNSGANYQFGGESSEGCNEFVYCDEPNEGVPLPSAGI
366.1,366.1,Class_1,Cyanobactin,MTKKNIRPQQVAPVERETISTAKDQSGQVQAQSAQWQNFGVPFAGDDAE
159.2,159.2,Class_2,A,MNKTKSEHIKQQALDLFTRLQFLLQKHDTIEPYQYVLDILETGISKTKHNQQTPERQARVVYNKIASQALVDKLHFTAEENKVLAAINELAHSQKGWGEFN
170.2,170.2,Class_2,B,MLQFEKLQYSRLPQKKLAKISGGFNRGGYNFGKSVRHVVDAIGSVAGIRGILKSIR
258.1,258.1,Class_1,Lanthipeptide B,MTNEEIIVAWKNPKVRGKNMPSHPSGVGFQELSINEMAQVTGGAVEQRATPATPATPWLIKASYVVSGAGVSFVASYITVN
597.1,597.1,Class_1,TIGR04149 family rSAM-modified RiPP,MTESSLANREMKELKGGTMCRCACCYADKGGSSSDGNGMANNARGYKSLGGGMAY
110.1,110.1,Class_1,Lanthipeptide C,MNLFDLQSMETPKEEAMGDVETGSRASLLLCGDSSLSITTCN
660.1,660.1,Class_1,class_I_lanthipeptide,MKKKKLQLAKLTFDKNVVAVLNEQEMTALLGGAATNNTLCATQPVTCQTIPYTQMNCRKCID
190.1,190.1,Class_1,Lanthipeptide A,MAENLFDLDIQVNKSQGSVEPQVLSIVACSSGCGSGKTAASCVETCGNRCFTNVGSLC
647.1,647.1,Class_1,class_I_lanthipeptide,MKKVTTKLTLNKQTLASLDQQQMAAAKGGFTYAISMGGNCRLSMRLTAGNRAACEDMVEERL
40.1,40.1,Class_1,Linaridin,MRLDSIATQETATALPESMATQDFANSVLAGAVPGFHSDAETPAMATPAVAQFVIQGSTICLVC
462.1,462.1,Class_1,Cyanobactin,MTKKNLKPQQAAPVQREINTTSSESGTSTGLTPHQAYLGIPLPFAGDDAE
639.1,639.1,Class_1,class_I_lanthipeptide,MKTNKFSALQLNKKSIAKLNDGQLTSVKGGNRGNQLEADCTNGGITCSTAGSTVIIKDQVS
217.1,217.1,Class_1,Linaridin,MSVLAEFANTELVDVEPGRLGSEATPTMITPLATLATPEATPVGFAATSATAAAVNMITHDVTRH
609.1,609.1,Class_1,class_I_lanthipeptide,MKKSNKKLTLNKETVSRLNDEQMESIKGGDIYILTIGKKCQEHKHSLAGRC
486.1,486.1,Class_1,Cyanobactin,MNKKNILPQQGQPVIRLTAGQLSSQLAELSEALGDAGLEASVAACITFCAYDGVEPSCTLCCTLCAYDGE
72.1,72.1,Class_1,Lanthipeptide A,MSNTQLLEVLGTETFDVQEDLFAFDTTDTTIVASNDDPDTRFKSWSLCTPGCARTGSFNSYCC
370.1,370.1,Class_1,Cyanobactin,MTKKNIRPQQVAPVERETISTAKDQSGQVTAQYSNKPSDFSPFAGDDAE
155.1,155.1,Class_1,Head-to-tailcyclizedpeptides,MFLVNQLGISKSLANTILGAIAVGNLASWLLALVPGPGWATKAALATAETIVKHEGKAAAIAW
339.1,339.1,Class_1,Lasso peptide,MNSNDTTHSDASNEITVLGVASTDTKGGPLAGEEIGGFNVPGISEE
120.1,120.1,Class_1,Lanthipeptide B,MKEIQKAGLQEELSILMDDANNLEQLTAGIGTTVVNSTFSIVLGNKGYICTVTVECMRNCSK
331.1,331.1,Class_1,Lasso peptide,MTTPKFRLIRLGSAKRLTRSGIGDVFPEPNMVRRWD
502.1,502.1,Class_1,TIGR04149 family rSAM-modified RiPP,KKLSKIKLTNLSQEDLADREMNALRGGHTCGCACIKGAEFKATNYSANVADDKYSPEGNIICNWVGGSGSDMAVYGGSKVPGMP
99.1,99.1,Class_1,Lanthipeptide B,MRNDVLTLTNPMEENELEQILGGGNGVLKTISHECNMNTWQFLFTCC
605.1,605.1,Class_1,class_I_lanthipeptide,MSKHNEVPNAKLSFNKEAVANLSEQEMDQLAGGQAAGYATVNSTNAGITCCWCTSTKPTPPAQEAV
6.1,6.1,Class_1,Lanthipeptide B,MKSNLLKINNVTEVEKDMVTLIKDEDMELAGGSTPACAIGVVGITVAVTGISTACTSRCINK
199.1,199.1,Class_1,Lanthipeptide B,MSEEQLKAFIAKVQADTSLQEQLKVEGADVVAIAKASGFAITTEDLKAHQANSQKNLSDAELEGVAGGTIGGTIVSITCETCDLLVGKMC
27.3,27.3,Class_3,,MSDPVRITNPGAESLGYDSDGHEIMAVDIYVNPPRVDVFHGTPPAWSSFGNKTIWGGNEWVDDSPTRSDIEKRDKEITAYKNTLSAQQKENENKRTEAGKRLSAAIAAREKDENTLKTLRAGNADAADITRQEFRLLQAELREYGFRTEIAGYDALRLHTESRMLFADADSLRISPREARSLIEQAEKRQKDAQNADKKAADMLAEYERRKGILDTRLSELEKNGGAALAVLDAQQARLLGQQTRNDRAISEARN
98.2,98.2,Class_2,A,KYYGNGVSCNKKGCSVDWGKAIGIIGNNAAANLTTGGKAAWAC
124.2,124.2,Class_2,B,GTWDDIGQGIGRVAYWVGKAMGNMSDVNQASRINRKKKH
123.1,123.1,Class_1,Lanthipeptide B,MKNELGKFLEENELELGKFSESDMLEITDDEVYAAGTPLALLGGAATGVIGYISNQTCPTTACTRAC
602.1,602.1,Class_1,class_I_lanthipeptide,MKKVKKLSLNKETISKLNNEDMSTLKGGLAAATSGKQAQLEAQAMCGLGTVASVISIIGSIISIIKDTMGPSDPQPPIDCCGTVIVQK
542.1,542.1,Class_1,TIGR04149 family rSAM-modified RiPP,MKLKKLKLNALSEAGLKDKEMNALKGGYLGCRCSCYWADQGGSSSDDNMGANYTKGDGTHSTEGCNQYWDVGSGVFDGPSCNESSNCG
119.1,119.1,Class_1,Lanthipeptide B,MKSNLLKINNVTEMEKNMVTLIKDEDMLAGGSTPACAIGVVGITVAVTGISTACTSRCINK
107.1,107.1,Class_1,Lanthipeptide A,MSTKDFNLDLVEVSKSNTGASARFTSHSLCTPGCITGVLMGCHIQSIGCNVHIHISK
84.3,84.3,Class_3,,MSDTMVVNGSGGVPAFLFSGSTLSSYRPNFEANSITIALPHYVDLPGRSNFKLMYIMGFPIDTEMEKDSEYSNKIRQESKISKTEGTVSYEQKITVETGQEKDGVKVYRVMVLEGTIAESIEHLDKKENEDILNNNRNRIVLADNTVINFDNISQLKEFLRRSVNIVDHDIFSSNGFEGFNPTSHFPSNPSSDYFNSTGVTFGSGVDLGQRSKQDLLNDGVPQYIADRLDGYNMLRGKEAYDKVRTAPLTLSDNE
286.1,286.1,Class_1,Lanthipeptide A,MANNNFDLDVQVKSVNSVNANFGLYTSQCYSSQCYSSKCYSDSCYSSDCYTGRHMCGYTHGYSC
213.2,213.2,Class_2,,MKNLDKRFTIMTEDNLASVNGGKNGYGGSGNRWVHCGAGIVGGALIGAIGGPWSAVAGGISGGFASCH
9.2,9.2,Class_2,,VNPSYRLDPESRPQCEAHCGQLGMRLGAIVIMGTATGCVCEPKEAATPESR
220.1,220.1,Class_1,Thiopeptide,MEKELVLDLADLSVDELDVLPTSPGAGLESINVGHAMVEIGASNCTSTGTPASCCSCCCC
4.3,4.3,Class_3,,MPGFNYGGKGDGTNWSSERGTGPEPGGGDKGHSGDRDRGGAGVGNSPEQQQIAAIQNDPALRMKLEAVIKAARRINPDAKLHIESVSPSGTLSLSATGLTADQAKHIGLGGLVMGVNAKGVTVAIGDIETGHARKPSPPGKGGNNGLNAGQIGASSLGSFVTDSHRDRPVSGWHGNGKTGEFSTTRTTGSYYGFHHLKVEKQDGLATYSLYYKANKNRPAFIAVVRGDNLNAMEVKYANGKPVKSPGSVKTIVKE
501.1,501.1,Class_1,TIGR04149 family rSAM-modified RiPP,KKLSKIKLTNLSQEDLADREMNALRGGHNCGCACSSTSKATNHSSNEDRDLHSPEGNVICTWVGGAGSDISVYGGSKAPGMP
50.3,50.3,Class_3,,AMEVAEKAKDERELLEKTSELIAGMGDKIGEHLGDKYKAIAKDIADNIKNFQGKTIRSFDDAMASLNKITANPAMKINKADRDALVNAWKHVDAQDMANKLGNLSKAFKVADVVMKVEKVREKSIEGYETGNWGPLMLEVESWVLSGIASSVALGIFSATLGAYALSLGVPAIAVGIAGILLAAVVGALIDDKFADALNNEIIRPAH
106.1,106.1,Class_1,Lanthipeptide B,MKNSKDILNNAIEEVSEKELMEVAGGKRGPGWIATITDDCPNSVFVCC
525.1,525.1,Class_1,TIGR04149 family rSAM-modified RiPP,MKKLSKIKLTNLSQEDLADREMNALRGGHNCGCACSSTSKATNHSSNEDRDLHSPEGNVICTWVGGAG
628.1,628.1,Class_1,class_I_lanthipeptide,MKKLTLKKETIVNLNNEEMNNLRGGAIDPEYPGQRTKAADGCITIAVGNCIRPSVNAALDCNMTETQCVSGSIPTNPPYESANNYDCLGRD
226.1,226.1,Class_1,Thiopeptide,MSNAALEIGVEGLTGLDVDTLEISDYMDETLLDGEDLTVTMIASASCTTCICTCSCSS
330.1,330.1,Class_1,Lasso peptide,MNTLKTRLIRFGSAKRLTRAGTGVLLPETNQIKRYDPA
591.1,591.1,Class_1,TIGR04149 family rSAM-modified RiPP,MNSLSQEDLADREMNALRGGHTCGCACKQGAEFKATNYSANVADDKYSPEGNIICNWVGGSGSDMAVYGGSKVPGMP
623.1,623.1,Class_1,class_I_lanthipeptide,MKKIKKLTLNKEVISTLNKKDMSFINGGCNGATTTVCGNSGTQSIGCMTRGSCDIYSISDRGCYIQTEAWYCVGCI
511.1,511.1,Class_1,TIGR04149 family rSAM-modified RiPP,MKKISIIELSRRAMGAREMNALTGGNVCGCGCHGPSSTQANANANYKGNKSSNGSQTVVIADMSDGQVVVHNP
507.1,507.1,Class_1,TIGR04149 family rSAM-modified RiPP,MKAIGRLKITQLNKAELGKRELNRLIGGANCCLCGCHYADQEGSSTIDNGGANNSGGASGLYSPGGGAQFGVRG
229.2,229.2,Class_2,,MANIVLRVGSVAYNYAPKIFKWIGEGVSYNQIIKW
89.2,89.2,Class_2,,MTNRKILPKEELKKIKGGTPGGIDFISGGPHVAQDVLNAIKNFFK
135.2,135.2,Class_2,A,MNNMKSADNYQQLDNNALEQVVGGKYYGNGVHCTKSGCSVNWGEAFSAGVHRLANGGNGFW
613.1,613.1,Class_1,class_I_lanthipeptide,MKTNKFSALQLNKKSIAKLNDSQLTSVKGGSRENQVAADCSNGGITCSTAGSTIIVQTQVS
203.2,203.2,Class_2,A,MNNVKELSMTELQTITGGARSYGNGVYCNNKKCWVNRGEATQSIIGGMISGWASGLAGM
503.1,503.1,Class_1,TIGR04149 family rSAM-modified RiPP,KLTNLSQEDLADREMNALRGGHTCGCACIKGAEFKATNYSANVADDKYSPEGNIICNWVGGSGSDMAVYGGSKVPGMP
79.3,79.3,Class_3,,MDILRRENAQFPASIWSAIEKEAGLVFGKHLTGRKVVDFKGGLGIGFSSLPTGRVISSKEKLGEASVGVRMNTPVIELKIPFSFPESEVEAILREANAFDISSIEKAAKKVCVAENELVFYGLKKEGIEGLIPSIPHKPIKAKGDEILPAVAEGIKELVNSEIEGPYALLIQPQYFGKLFGVAGNSGYPLTLKLAELLQGNNIIVAPALKSGALLVSLRGGDYELYSGMDIGVGYSEKKSTNHELFFFETLTFRI
342.1,342.1,Class_1,Lasso peptide,MLISTTNGQGTPMTSTDELYEAPELIEIGDYAELTRCVWGGDCTDFLGCGTAWICV
205.2,205.2,Class_2,A,MKNAKSLTIQEMKSITGGKYYGNGVSCNSHGCSVNWGQAWTCGVNHLANGGHGVC
101.1,101.1,Class_1,Lanthipeptide B,MKSTNNQSIAEIAAVNSLQEVSMEELDQIIGAGNGVVLTLTHECNLATWTKKLKCC
202.1,202.1,Class_1,Lanthipeptide B,MSEEQLKAFIAKVQGDSSLQEQLKAEGADVVAIAKAAGFTIKQQDLNAAASELSDEELEAASGGGDTGIQAVLHTAGCYGGTKMCRA
61.3,61.3,Class_3,,MKKLKRLVISLVTSLLVISSTVPALVYANETNNFAETQKEITTNSEATLTNEDYTKLTSEVKTIYTNLIQYDQTKNKFYVDEDKTEQYYNYDDESIKGVYLMKDSLNDELNNNNSSNYSEIINQKISEIDYVLQGNDINNLIPSNTRVKRSADFSWIQRCLEEAWGYAISLVTLKGIINLFKAGKFEAAAAKLASATAGRIAGMAALFAFVATCGATTVS
186.2,186.2,Class_2,,MNKTHKMATLVIAAILAAGMTAPTAYADSPGNTRITASEQSVLTQILGHKPTQTEYNRYVETYGSVPTEADINAYIEASESEGSSSQTAAHDDSTSPGTSTEIYTQAAPARFSMFFLSGTWITRSGVVSLSLKPRKGGIGNEGDERTWKTVYDKFHNAGQWTRYKNNGVDASMKKQYMCHFKYGMVKTPWNLEPHKKAADVSPVKCN
180.1,180.1,Class_1,Lanthipeptide B,MNNKEFNMEQFKKLAAVVSEDELDEMLDENVTGAASSIPCAKVVVKVTTVVVAATTGFDWCPTGACTTSCRF
529.1,529.1,Class_1,TIGR04149 family rSAM-modified RiPP,MKKLSKINLGQLHKNDMADREMNQLRGGNNCGC
13.2,13.2,Class_2,D,MSWLNFLKYIAKYGKKAVSAAWKYKGKVLEWLNVGPTLEWVWQKLKKIAGL
46.3,46.3,Class_3,,MPGFNYGGHGDGTGWSSERGDGPAPGGGMQGNGGGHSGNNDSGSNSVSQQISAIQNDQKLKQKVVNMLIAARKMNPDAKMILGSIAPSGVMQVTIEGVTSTQARQLGLGGLVMGYNASGVIGAVGEIDTGHRLNASGASTPGSETSVDSFVNGQKPAEEWHAVAKDSWTGAGPVNTGLVNNAIKSVRIIKKGYVTGVLTPEEVMNKAEYKAMRQAFDSLPLAKQGEAVRQIVAAWSLAYQDFPVNLKKEMGRVTE
571.1,571.1,Class_1,TIGR04149 family rSAM-modified RiPP,MKTLKKIKLNGLNDAELRDREMDALNGGNRACGCGCNYEGSGGSTTHNNGTANYKIGPSGGNSTGGCITDGGYTLFRTII
116.1,116.1,Class_1,Linaridin,MSMSPTPAALRGAGGLSESDPGRALSSLAPVTATPGVVAGVALGVALVNAFAAGYNHCGGNVELPM
168.2,168.2,Class_2,,MSKLVKTLTVDEISKIQTNGGKPAWCWYTLAMCGAGYDSGTCDYMYSHCFGVKHSSGGGGSYHC
386.1,386.1,Class_1,Cyanobactin,MDLQNLLPQQANPIHRTTTGQLPAELAELSDETLCNSGVLPSGFEAPVLYKDQCSYEGDDAE
351.1,351.1,Class_1,Cyanobactin,MDKKNILPHQGKPVLRTTNGKLPSHLAELSEEALGGNGVDASACMPCYPSYDGVDASVCMPCYPSYDGVDASVCMPCYPSYDDAE
527.1,527.1,Class_1,TIGR04149 family rSAM-modified RiPP,MKKLSKIKLTNLSQEDLADREMNALRGGHTCGCACIKGAEFKATNYSANVADDKYSPEGNIICNWVGGSGSDMAVYGGSKVPGMP
666.1,666.1,Class_1,class_I_lanthipeptide,MNNKFSQLQLNKKTIAKLNERQLSTVKGGNKAITPVREGDCTTTSVTNNCTTTSTTGATNL
534.1,534.1,Class_1,TIGR04149 family rSAM-modified RiPP,MKKLTKLKLNQLSRTELDQRAMNVLKGGDAPGCSCYGTSNSRKYWKS
109.1,109.1,Class_1,Lanthipeptide B,MERRMSFMKNSKDILTNVIEEVSEKELMEVAGGKKGSGWFATITDDCPNSVFVCC
158.1,158.1,Class_1,Head-to-tailcyclizedpeptides,MVTKYGRNLGLSKVELFAIWAVLVVALLLATANIYWIADQFGIHLATGTARKLLDAVASGASLGTAFAAILGVTLPAWALAAAGALGATAA
573.1,573.1,Class_1,TIGR04149 family rSAM-modified RiPP,MKTLKKIKLNGLNDAELRDREMNALNGGRACSCSCSAPGGSADGANGSANYKLGTSGGHSISGTPVVCFTDEFGNGIQGAVDNW
12.3,12.3,Class_3,,MSDNEGSVPTEGIDYGDTMVVWPSTGRIPGGDVKPGGSSGLAPSMPPGWGDYSPQGIALVQSVLFPGIIRRIILDKELEEGDWSGWSVSVHSPWGNEKVSAARTVLENGLRGGLPEPSRPAAVSFARLEPASGNEQKIIRLMVTQQLEQVTDIPASQLPAAGNNVPVKYRLTDLMQNGTQYMAIIGGIPMTVPVVDAVPVPDRSRPGTNIKDVYSAPVSPNLPDLVLSVGQMNTPVRSNPEIQEDGVISETGNYV
590.1,590.1,Class_1,TIGR04149 family rSAM-modified RiPP,MNSIKLNNLNQGQLSKEQMNAVAGGESVTCSCGCCYANNGGSSVSDNLNANISGGLATKCDPIITITYDK
168.1,168.1,Class_1,Lanthipeptide B,MSKGYKFTKEELVEAWKDPQVREKLKDLPKHPSGKALNELSEEELAEIQGASDVQPETTPLCVGVIIGLTTSIKICK
194.1,194.1,Class_1,Lanthipeptide A,MANNLFDLDVQVNKSQGSVEPQVLSIVACSSGCGSGKTAASCVATCGNKCFTNVGSLC
162.1,162.1,Class_1,Lanthipeptide B,MSMTMTLQQAVVDDEFRSVLLADPAAFGLSVESLPGAVERQDHEAIEAFTEAVVASEIYACASTCSFGPFTIACDGTTK
11.1,11.1,Class_1,Lanthipeptide A,MEKVLDLDVQVKANNNSNDSAGDERITSHSLCTPGCAKTGSFNSFCC
324.1,324.1,Class_1,Lasso peptide,MHTPIISETVQPKTAGLIVLGKASAETRGLSQGVEPDIGQTYFEESRINQD
439.1,439.1,Class_1,Cyanobactin,MNKKNILPQQGQPVIRLTAGQLSSQLAELSEEALGDAGLEASVTACITFCAYDGVEPSITVCISVCAYDGE
650.1,650.1,Class_1,class_I_lanthipeptide,MKKKTMSSKLNLKKVTISSLSNGEMQYLQGGATAGCTTQAPPCNTFSICPVTRLTMNNTCLSACCETLNGC
89.3,89.3,Class_3,,ARPIADLIHFNSTTVTASGDVYYGPGGGTGIGPIARPIEHGLDSSTENGWQEFESYADVGVDPRRYVPLQVKEKRREIELQFRDAEKKLEASVQAELDKADAALGPAKNLAPLDVINRSLTIVGNALQQKNQKLLLNQKKITSLGAKNFLTRTAEEIGEQAVREGNINGPEAYMRFLDREMEGLTAAYNVKLFTEAISSLQIRMNTLTAAKASIEAAAANKAREQAAAEAKRKAEEQARQQAAIRAANTYAMPAN
151.2,151.2,Class_2,,MSNIRELSFDEIALVSGGNANSNYEGGGSRSRNTGARNSLGRNAPTHIYSDPSTVKCANAVFSGMVGGAIKGGPVGMTRGTIGGAVIGQCLSGGGNGNGGGNRAGSSNCSGSNVGGTCSR
118.2,118.2,Class_2,D,MNALKRTCATLLISAGLTAGAVGVAAAAVEYVGGGIWDHGLTSSIVYSDYYHGSVCHGSTAVGTKTVRASAPAGYWSLADAPRAIANNQAYWRTTC
291.1,291.1,Class_1,Cyanobactin,RNSAPVQRENAATVSRDGNAIAPQWILLADGTRPKNAPFAGDDAE
6.3,6.3,Class_3,,MVGSITPKLVYRLNGMHHVVAQVGAVNGDHVFALQLLHSAHDVLVYRKHKGLTKDINYTNPHLVMTGFGHTQTWVPANDNDEYFVGAKPNSGNWTTQIARVKYPRLLSENYTSNTQLPRLSHLNRVTDVPYDGHNHLHRVEASVSPNGKYFMIASIWNNGSGHFGLFDLDEVNQKLDENGTTNTPITDLHCLSAFHIDNFDNPSVAPDEEEPTMIDSVQGYAIDNDKNIYISNQLSPKINHETGEVTTWARKIVK
18.2,18.2,Class_2,,MIKFAEEIQKEELFHIIGGYSATDCKNHLIGGITSGAIAGGVGAGMATLGVGGVAGAFAGAHVGAIAGGLTCVGGMLFNGK
62.1,62.1,Class_1,Lanthipeptide B,MSQEAIIRSWKDPFSRENSTQNPAGNPFSELKEAQMDKLVGAGDMEAACTFTLPGGGGVCTLTSECIC
336.1,336.1,Class_1,Lasso peptide,MAKQSYVAPVLEEIGGFREVTNGYPWWDYRDLFGGHTFISP
632.1,632.1,Class_1,class_I_lanthipeptide,MKLTKGLQINKEQISKLQEEQMNSLKGGVNSLQAAAQSCGQCSCGGNTVVQTRK
73.3,73.3,Class_3,,MEMVDQKINAQVLSGVNDDISEMKSLTTLRKRVVTDGEVVSKSQNAFRLAGGKTGVILRNDGNDFYALVTPEDQAQDGQWNTLRPLSFNLKTGRVSLRNGVDISGGAVVSHDAGISARTTGPSPIINGQTYSSPSIHTDFTSGNITTQMMMCARVEAGKQDYGLLSYRDWQGSWNELRVRSNAELDAGQFTKRNSEGWIKAAGNRNVNNDKDRKTNALWIQGAGDLSADFYHYERIGQHHFLGLHVANGGAQGWY
510.1,510.1,Class_1,TIGR04149 family rSAM-modified RiPP,MKIKRFKLNVLSQEELQEKEMNAIIGGNSCGCACSFAGQGGSSTNDNASANYQSGYVSNTKCNYVILRSW
577.1,577.1,Class_1,TIGR04149 family rSAM-modified RiPP,MKTLKLNSLNNNQLTKEQMKSVAGGDCVVCQCGCCYSTSGGSSVQSNGGANSKGGLHSTDCMIKLTVITCK
633.1,633.1,Class_1,class_I_lanthipeptide,MKKLKKLSLNKETITNLNDNEMKQLEGGLWDSRVCGTYFNGGGCYGTGSKNSCAVNATGYYNTALICF
50.1,50.1,Class_1,Lanthipeptide B,MKTEKKVLDELSLHASAKMGARDVESSMNADSTPVLASVAVSMELLPTASVLYSDVAGCFKYSAKHHC
311.1,311.1,Class_1,Lasso peptide,MTKKNATQAPRLVRVGDAHRLTQGAFVGQPEAVNPLGREIQG
37.2,37.2,Class_2,,MNTYCNINETMLSEVYGGNSGGAAVVAALGCAAGGVKYRRLLGPWGAAIGGIGGAVVCGYLAYTATS
190.2,190.2,Class_2,B,MTKFENTTSLQALTEQELENTAGGIAPFLIGAGIVAGLGGGFFGGYALARIFG
173.1,173.1,Class_1,Lanthipeptide B,MSKGYKFTKEELVEAWKDPQVREKLNDLPKHPSGKALNELSEEELAEIQGASDVQPETTPLCVGVIIGLTTSIKICK
55.3,55.3,Class_3,,METAVAYYKDGVPYDDKGQVIITLLNGTPDGSGSGGGGGKGGSKSESSAAIHATAKWSTAQLKKTQAEQATRAKAAAEAQAKAKANRDALTQRLKDIVNEALRHNASRTPSATELAHANNAAMQAEAERLRLAKAEEKARKEAEAAEKAFQEAEQRRKEIEREKAETERQLKLAEAEEKRLAALSEEAKAVEIAQKKLSAAQSEVVKMDGEIKTLNSRLSSSIHARDAEMKTLAGKRNELAQASAKYKELDELVK
141.1,141.1,Class_1,Lanthipeptide B,MTNAFQALDEVTDAELDAILGGGSGVIPTISHECHMNSFQFVFTCCS
65.3,65.3,Class_3,,MSKDRDGRRTSRRGTLKKIGGFSLGALSFGAVGRTQAATGSSVTTADIAPPGPNGDPKSVQIDDKYTGAEMYGEGDFRVGLGTDLTMYPPVYRESLGNGSGGWEFDFTVCGSTACRFVDSNGDVKEDDKAKEMWWQEINFNDINQDLYSRNDSDWVGSTPADTQPEFDYTEFALARDGVTLALTALNPAMGSLALGATYFLSDMVNWIASQHEDDSSLKRKWDYDGLSGPLYADSSTYLLARDEMTSNSYESFTIDNIAVAFPEFPVRTKYYVTFTAPDDPSTQSISTLEEEGIYRVPATEVAAARPPGSRRSKSAADEMVYVADPKKFIEVEPVKNPSIPDRIYEEIEQKKKQRSRKQ
596.1,596.1,Class_1,TIGR04149 family rSAM-modified RiPP,MRQIGKIKLNRLNKAELEQREMNALKGGCSCPCPCACGYEDVANSGNSKQSSQRYAY
519.1,519.1,Class_1,TIGR04149 family rSAM-modified RiPP,MKKLRKLKLNALSEASLEDKEMNALRGGNCCTCSCYWEDQGGSSSSDNSSANSKIGDGGYSLQGCNQYVNCGGDPEYTEFIDPEWFDIHG
131.2,131.2,Class_2,,MACQCPDAISGWTHTDYQCHGLENKMYRHVYAICMNGTQVYCRTEWGSSC
634.1,634.1,Class_1,class_I_lanthipeptide,MKLTKGLQINKEQISKLQEEQMNSLKGGVNSLQAAAQSCGQCSCGGNTVVQTRIAK
4.1,4.1,Class_1,Lanthipeptide C,MALLDLQTMESDEHTGGGGASTVSLLSCVSAASVLLCL
569.1,569.1,Class_1,TIGR04149 family rSAM-modified RiPP,MKTLKKIKLNGLNDAELKDREMDALNGGDRTCGCGCNYEGSGGSTTHNNGTANYKIGPSGGNSTGGCITDGGYTLFRTII
326.1,326.1,Class_1,Lasso peptide,MRTYNRSLPARAGLTDLGKVTTHTKGPTPMVGLDSVSGQYWDQHAPLAD
38.3,38.3,Class_3,,MSDPVRITNPGAESLGYDSDGHEIMAVDIYVNPPRVDVFHGNPPAWSTFGNKTIWGGNEWVDDSPTRSDIEKRDKEITAYKMTLSAQQKENENKRTEAAKRLSAAIAAREKDENTLKTLRAGNADAADITRQEFRLLQAELREYGFRTEIAGYDALRLHTESRMLFADADSLRISPREARSLIEQAEKRQKDAQNADKKAADMLAEYERRKGILDTRLSELEKNGGAALAVLDAQQARLLGQQTRNDRAISEARN
372.1,372.1,Class_1,Cyanobactin,MDKKNISPNPQQPVDRVPSGQLPSALAELSEEAIGSLALASGLVLMPCFCSYEGDDE
56.3,56.3,Class_3,,METAVAYYKDGVPYDDKGQVIITLLNGNPDGSGSGSGGGGGTGGSKSESSAAIHATAKWSTAQLKKTQAEQAARAKAAAEAQAKAKANRDALTQHLKDIVNEALRHNSTHLEVIDLAHANNAAMQAEAERLRLAKAEEKARKEAEAAEKAFQEAEQRRKEIEKEQAETERQLKLAEDEEKRLAALSEEARAVEVAQKNLAAAQSELAKVDEEINTLNTRLSSSIHARDAETNTLSGKRNELDQASAKYKELDERV
450.1,450.1,Class_1,Cyanobactin,MNKKNILPQLGQPVIRLTAGQLSSQLAELSEEALGGVDASTFPVPTVCSYDGVDASTSIAPFCSYDD
181.2,181.2,Class_2,B,MDKIIKFQGISDDQLNAVIGGKKKKQSWYAAAGDAIVSFGEGFLNAW
21.3,21.3,Class_3,,RFAHDPMAGGHRMWQMAGLKAQRAQTDVNNKQAAFDAAAKEKSDADAALSAAQERRKQKENKEKDAKDKLDKESKRNKPCKATGKGKPVGDKWLDDAGKDSGAPIPDRIADKLRDKEFKSFDDFRKAVWEEVSKDPELSKNLNPSNKSSVSKGYSPFTPKNQQVGGRKVYELHHDKPISQGGEVYDMDNIRVTTPKRHIDIHRGK
46.2,46.2,Class_2,B,MKKELLNKNEMSRIIGGKINWGNVGGSCVGGAVIGGALGGLGGAGGGCITGAIGSIWDQW
145.2,145.2,Class_2,D,MQDKTNFKILSDSELSTISGGKGVLGWLSMASSALTGPQQPNSPWLAKIKNHK
662.1,662.1,Class_1,class_I_lanthipeptide,MNTEIKKLKLNKQTLSVLDDKALQNIKGGRNLDAAEASCTSGQCDTSCAKTGTVEESAGAL
24.1,24.1,Class_1,Lanthipeptide B,MTELNKRLQLKRDVSTENSLKKISNTDETHGGVTTSIPCTVMVSAAVCPTLVCSNKCGGRG
413.1,413.1,Class_1,Cyanobactin,MKNPTLLPKLTAPVERPAVTSSDLKQASSVDAAWLNGDNNWSTPFAGVNAAWLNGDNNWSTPFAGVNAAWLNGDNNWSTPFAADGAE
574.1,574.1,Class_1,TIGR04149 family rSAM-modified RiPP,MKTLKKIKLNGLNDAELRDREMNALNGGRACSCSCSAPGGSADGANGSANYKLGTSGGHSISGTPVVCFTDEFGNGIQGGAANW
110.2,110.2,Class_2,,MRFGKPARKASALRAVGALCLAAAVTGAIAAPAQADAPGHPGKHYLQVNVPSDVRTIGVAGGGVQQCFRVTPGAWNDTRALVSNGAQVEVWGYTVADCANRTTANQKYYDKAAAPSDSSTYFWFTLKNLRV
62.3,62.3,Class_3,,MKNILLSILGVLSIVVSLAFSSYSVNAASNEWSWPLGKPYAGRYEEGQQFGNTAFNRGGTYFHDGFDFGSAIYGNGSVYAVHDGKILYAGWDPVGGGSLGAFIVLQAGNTNVIYQEFSRNVGDIKVSTGQTVKKGQLIGKFTSSHLHLGMTKKEWRSAHSSWNKDDGTWFNPIPILQGGSTPTPPNPGPKNFTTNVRYGLRVLGGSWLPEVTNFNNTNDGFAGYPNRQHDMLYIKVDKGQMKYRVHTAQSGWLPW
69.3,69.3,Class_3,,MKHLNETTNVRILSQFDMDTGYQAVVQKGNVGSKYVYGLQLRKGATTILRGYRGSKINNPILELSGQAGGHTQTWEFAGDRKDINGEERAGQWFIGVKPSKIEGSKIIWAKQIARVDLRNQMGPHYSNTDFPRLSYLNRAGSNPFAGNKMTHAEAAVSPDYTKFLIATVENNCIGHFTIYNLDTINEKLDEKGNSEDVNLETVKYEDSFIIDNLYGDDNNSIVNSIQGYDLDNDGNIYISSQKAPDFDGSYYAHH
165.1,165.1,Class_1,Lanthipeptide B,MRKNNNHKEIDTLDFEVKNQELSGKSGSGWFTAVQLTLAGRCGRWFTGSYECTSNNVKCG
572.1,572.1,Class_1,TIGR04149 family rSAM-modified RiPP,MKTLKKIKLNGLNDAELRDREMNALNGGRACSCSCSAPGGSADGANGSANYKLGTSGGHSISGTPVVCFTDEFGNGIQGAAANW
77.1,77.1,Class_1,Lanthipeptide A,MSTKDFNLDLVSVSKKDSGASPRITSISLCTPGCKTGALMGCNMKTATCHCSIHVSK
28.1,28.1,Class_1,Lanthipeptide A,MKKELFDLNLNKDIEAQKSDLNPQSASIVKTTIKASKKLCRGFTLTCGCHFTGKK
83.2,83.2,Class_2,A,MKKLTSKEMAQVVGGKYYGNGVSCNKKGCSVDWGKAIGIIGNNSAANLATGGAAGWKS
195.2,195.2,Class_2,,MQQDKFKNYEKKLFDMEIKKLETFHQMTIEKLAKVEGGKNNWQANVSGVIAAGSAGAAIGFPVCGVACGYIGAKTAITLWAGVTGATGGF
293.1,293.1,Class_1,Cyanobactin,MKTKKLTPRITAPVQRDNIATVPSDGNVITPATFCDLATKQCYPFAGDDAV
654.1,654.1,Class_1,class_I_lanthipeptide,MNTNKFSVLQLNKKAIAKLNDSQLSAVKGGKGTQPAADGCSGGGITCETAGSTIVVQTKVS
656.1,656.1,Class_1,class_I_lanthipeptide,MNNKFSQLQLNKKTIAKLNERQLSTVKGGNKVIAPVREGDCTTTSVTNNCTTTSTTGATTNL
172.2,172.2,Class_2,B,MTVNKMIKDLDVVDAFAPISNNKLNGVVGGGAWKNFWSSLRKGFYDGEAGRAIRR
674.1,674.1,Class_1,class_I_lanthipeptide,MKTNKFSALQLNKKSIARLNDGQLTSVKGGNRGNQLEDNCTNGGITCSTAGSTIIIKDQVS
517.1,517.1,Class_1,TIGR04149 family rSAM-modified RiPP,MKKLKKIKLNQLNHAEMEDRAMNMLRGGNTCGCGCNGPSSKEKNYSSNWDGNLYSPDGSIICSWPGTGGGIVVYGGSKAPGMP
617.1,617.1,Class_1,class_I_lanthipeptide,MKDFGKLSFDKKRIAKLNDEQLASVKGGHVELMNADKVKCKSTSTTKSCSSTSTTSVD
358.1,358.1,Class_1,Cyanobactin,MTKKNIRPQQVAPVERETISTAKDQSGQVEAQHAFIGYDQDPTGKYPFAGDDAE
15.1,15.1,Class_1,Lanthipeptide C,MTEEMTLLDLQGMEQTETDSWGGSGHGGGGDSGLSVTGCNGHSGISLLCDL
600.1,600.1,Class_1,class_I_lanthipeptide,MKKNKKLSLNKETISRLNNEDMSVLKGGLAAATNESFPTVTCTAATIASVVSIIHSLISITKDLTSPQPDQPPIDCCGTIVG
484.1,484.1,Class_1,Cyanobactin,MNKKNILPQQGQPVIRLTAGQLSSQLAELSEEALGDAGLEASVTACITFCAYDGVEPSCTLCCTLCAYDGE
93.3,93.3,Class_3,,MKRIFFAFLSLCLFIFGTQTVSAATYTRPLDTGNITTGFNGYPGHVGVDYAVPVGTPVRAVANGTVKFAGNGANHPWMLWMAGNCVLIQHADGMHTGYAHLSKISVSTDSTVKQGQIIGYTGATGQVTGPHLHFEMLPANPNWQNGFSGRIDPTGYIANAPVFNGTTPTEPTTPTTNLKIYKVDDLQKINGIWQVRNNILVPTDFTWVDNGIAADDVIEVTSNGTRTSDQVLQKGGYFVINPNNVKSVGTPMKGSGGLSWAQVNFTTGGNVWLNTTSKDNLLYGK
76.2,76.2,Class_2,D,MLAKIKAMIKKFPNPYTLAAKLTTYEINWYKQQYGRYPWERPVA
551.1,551.1,Class_1,TIGR04149 family rSAM-modified RiPP,MKLRKFNLNKLAGNSLANREMKEIKGGKCCRCSCAYVNTGGSNPKG
175.1,175.1,Class_1,Lanthipeptide B,MACGNVAAELDENSQALDAINGAGWKQTIVCTIAQGTVGCLVSYGLGNGGYCCTYTVECSKTCNK
3.3,3.3,Class_3,,MVNMEFLKRSFAPLTEKQWQEIDNRAREIFKTQLYGRKFVDVEGPYGWEYAAHPLGEVEVLSDENEVVKWGLRKSLPLIELRATFTLDLWELDNLERGKPNVDLSSLEETVRKVAEFEDEVIFRGCEKSGVKGLLSFEERKIECGSTPKDLLEAIVRALSIFSKDGIEGPYTLVINTDRWINFLKEEAGHYPLEKRVEECLRGGKIITTPRIEDALVVSERGGDFKLILGQDLSIGYEDREKDAVRLFITETFTS
76.3,76.3,Class_3,,MAEQKKNALVLNGINDDITELKSLTTLRKRVVSDGEIVSKGVNGFRLAGASTGVILRNDGKNFNFLTTADGQARDGAFNTLRPFAFSLTTGRVSLRNGVDVSGGAFISHNAGITAQTTGPDPLINGQTYRAPDIHTDFTTGKKTTTMLMGSRIVTGQEDYGLISYRDMKGSWNELHLKPNAELSVGQLTKRNTEGWYKAAGVRKVNNGKDNKTNALWIQGAGDLSADFYHYERIGQHHLLGLHVANGGAQGWYEF
593.1,593.1,Class_1,TIGR04149 family rSAM-modified RiPP,MRLKKLKLNALSEAGLKDKEMNALKGGNCCTCSCYWEGKPGGSSSSDNSSANVNIGDNGGHSSEGCNQYFECNDSNDEWPFPNPNQHPHA
196.2,196.2,Class_2,,MNTKMMEQFETMDAETLSHVTGGGLYDGANGYAYRDSQGHWAYKVTKTPAQALTDVVVNSWASGAASFAAYA
43.2,43.2,Class_2,D,EQFDVMTEAELSTVEGGGKGYCKPVYYAANGYSCRYSNGEWGYVVTKGAFQATTDVIANGWVSSLGGGY
638.1,638.1,Class_1,class_I_lanthipeptide,MHKIKLTKGLQINKEQISKLQEEQMNSLKGGVNSLQAAAQSCGQCSCGGNTVVKTRAAQ
38.2,38.2,Class_2,D,MDTKMMSQFAVMDNEMLACVEGGDIDWGRKISCAAGVAYGAIDGCATTV
369.1,369.1,Class_1,Cyanobactin,MTKKNIRPQQVAPVERETISTAKDQSGQVQAQYAPLQNFGVPFAGDDAE
516.1,516.1,Class_1,TIGR04149 family rSAM-modified RiPP,MKKLKKIKLNQLNHAEMEDRAMNMLRGGNTCGCGCNGPSSKEKNYSSNWDGNLYSPDGSIICSWPGTGAVSYTHLDVYKRQVLPWVHIAISNAKRQLINTFHDIKPEFLQNYLDEFCYKFNRRYLGEALFGRLLVACVSYRNEFRYKCG
594.1,594.1,Class_1,TIGR04149 family rSAM-modified RiPP,MRLQQFKLNKLAGNSLANREMKEIKGGKCCRCSCAYANTGGSNPKG
148.1,148.1,Class_1,Head-to-tailcyclizedpeptides,MLYELVAYGIAQGTAEKVVSLINAGLTVGSIISILGGVTVGLSGVFTAVKAAIAKQGIKKAIQL
164.1,164.1,Class_1,Lanthipeptide B,MAKNTSRPEIDSLSFEVENQELSGKSGAGWFTAVQLTLAGRCGRWFTGSFECTTNNVKCG
74.3,74.3,Class_3,,RVRSNAELDAGQFTKRNSEGWIKAAGNRNVNNDKDRKTNALWIQGAGDLSADFYHYERIGQHHFLGLHVANGGAQGWFEFRNDGHAYTNGAWNSSSDARMKTQVEKIDNALEKLDCISGYTYLKQGVTEAGVIAQELEEVLPQAVSKTELTLNDGSVLKDARSININGVVALLIEALKEERQARLALENRLADLEARSGQETE
479.1,479.1,Class_1,Cyanobactin,MDLQNLLPQQSQPIQRATAGQLPTELAELTEEALNNESAVLASSCDCSLYGGCESCSYEGDEAE
23.3,23.3,Class_3,,EIMAVDIYVNPPRVDVFHGTPPAWSSFGNKTIWGGNEWVDDSPTRSDIEKRDKEITAYKNTLSAQQKENENKRTEAGKRLSAAIAAREKDENTLKTLRAGNADAADITRQEFRLLQAELREYGFRTEIAGYDALRLHTESRMLFADADSLRISPREARSLIEQAEKRQKDAQNADKKAADMLAEYERRKGILDTRLSELEKNGGAALAVLDAQQARLLGQQTRNDRAISEARNKLSSVTESLNTARNALTRAEQQ
189.2,189.2,Class_2,,MRIPVTITTMLVGTMVALTSFLPSASATSSPDADRATADTATQLAQTTDSGPHRVSPKTETVSPGTYLIKYSLDSGHRTVKLDLRIGTDYSLSTTQHPSALALKNRSGMTIDTVDLSNLAANRGIVFTSLSWKLVNSREATLTISENQVQSTSDSSNIDARRARAPHKAWYNCMTDAGISGAIAGAVAGCAATIEIGCVEGAIAGIGPSGIASMIAALWTCRSKY
614.1,614.1,Class_1,class_I_lanthipeptide,MKKTKKLSLKKEKISSLTNSDMQSIKGGEGDPNAKTAPGSAGSSNNDFTCCWCTGGPNSTTCNTGPVGPTNPTTGGNLTCVSCP
365.1,365.1,Class_1,Cyanobactin,MTKKNIRPQQVAPVERETISTAKDQSGQVTAQFSPDWRAPFAGDDAE
570.1,570.1,Class_1,TIGR04149 family rSAM-modified RiPP,MKTLKKIKLNGLNDAELRDREMDALNGGDRTCGCGCNYEGSGGSTTHNNGTANYKIGPSGGNSTGGCITDGGYTLFRTII
29.3,29.3,Class_3,,MSDPVRITNPGAESLGYDSDGHEIMAVDIYVNPPRVDVFHGTPPAWSSFGNKTIWGGNEWVDDSPTRSDIEKRDKEITAYKNTLSVQQKENENKRTEAGKRLSAAIAAREKDENTLKTLRAGNADAADITRQEFRLLQAELREYGFRTEIAGYDALRLHTESRMLFADADSLRISPREARSLIEQAEKRQKDAQNADKKAADMLAEYERRKGILDTRLSELEKNGGAALAVLDAQQARLLGQQTRNDRAISEARN
25.3,25.3,Class_3,,MSDPVRITNPGAESLGYDSDGHEIMAVDIYVNPPRVDVFHGTPPAWSSFGNKTIWGGNEWVDDSPTRSDIEKRDKEITAYKNTLSVQQKENENKRTEAGKRLSAAIAAREKDENTLKTLRAGNADVADITRQEFRLLQAELREYGFRTEIAGYDALRLHTESRMLFADADSLRISPREARSLIEQAEKRQKDAQNADKKAADMLAEYERRKGILDTRLSELEKNGGAALAVLDAQQARLLGQQTRNDRAISEARN
156.2,156.2,Class_2,A,MSQVVGGKYYGNGVSCNKKGCSVDWGKAIGIIGNNSAANLATGGAAGWKS
363.1,363.1,Class_1,Cyanobactin,MTKKNIRPQQVAPVERETISTAKDQSGQVQAQSSVIWGSPVPFAGDDAE
308.1,308.1,Class_1,Lasso peptide,MDRHDNSEVDEIIDLGTASAVTQGMGSGSTDQNGQPKNLIGGISDD
604.1,604.1,Class_1,class_I_lanthipeptide,MNNKFSKLQLNKKTIAKLNERQLSTVKGGNKAIAPIKDDNCTTTSTTYVCTTTSTTGATHQ
562.1,562.1,Class_1,TIGR04149 family rSAM-modified RiPP,MKSLKVNQIEKARLSKTEMAYVTGGESCGCACLYADSGGSSTASNKNANAASGLHSPGMLHITGYMNEDGSWTLCDKWVLIAK
18.3,18.3,Class_3,,RFAHDPMAGGHRMWQMAGLKAQRAQTDVNNKQAAFDAAAKEKSDADAALSSAMESRKKKEDKKRSAENKLNEEKNKPRKGVKDYGHDYHPDPKTEDIKGLGELKEGKPKTPKQGGGGKRARWYGDKGRKIYEWDSQHGELEGYRASDGQHLGSFEPKTGNQLKGPDPKRNIKKYL
53.2,53.2,Class_2,A,MKKIEKLTEKEMANIIGGKYYGNGVTCGKHSCSVDWGKATTCIINNGAMAWATGGHQGTHKC
565.1,565.1,Class_1,TIGR04149 family rSAM-modified RiPP,MKTDKLKLHEISGSELNELEMCRVLGGGEVGCCQCGCKYANSGGSSTSANNSANNAGGLTSDGSQQCCKYEGGTIESGDFDLYAIKDPCTTRQDNLCIPPPMIP
30.3,30.3,Class_3,,MAKELSGYGPTAGESMGGTGANLNQQGGNNNSNSGVHWGGGSGHGNNGGQGNSNSSGSTSTVMKTGESYLTPWGDVVINNDGLPVMNGIVMTEENSTLVDNPFGGVSRVLNSLISDMPSLFAESSGNNNNNTASVNTAPTNAQVSDMDKSSKVVSNVINEKQKQKNKIATQISEKQKKIEEMKKVFKHHSYHGITDLERDVDELQKKSNQLDADISKLNSYKNTLQSKIGDVNKQKEAEEKARENAEVAEHETLN
81.3,81.3,Class_3,,MNNLHRELAPISSSAWEQIEEEVARTFKRSVAGRRVVDVDGPEGPELSAVGTGHLVEVAAPREQVNARLREVRTIVELTVPFELSRDAIDSVERGARDADWQPAKDAAQRLAFAEDGAIFDGYAAASIVGIREGTSNNKLTLPADVSAYPDAISDALEALRLAGVDGPYSVVLGSDAYTALSEARDQGYPVLGHIKRIVSGEIIWAPAISGGCVLSTRGGDYELHLGEDVSIGYTSHTDKVVRLYLRETFTFLML
130.1,130.1,Class_1,Lanthipeptide B,MMNATENQIFVETVSDQELEMLIGGADRGWIKTLTKDCPNVISSICAGTIITACKNCA
490.1,490.1,Class_1,Head-to-tailcyclizedpeptides,MTETRNEIKLHVLFGALAVGFLMLALFSFSLQVLPVADLAKEFGIPGSVAAVVLNVVEAGGAVTTIVSILTAVGSGGLSLIAAAGKETIRQYLKNEIKKKGRKAVIAW
5.3,5.3,Class_3,,MANNIIPNVSSGDLVGSTPTFPPNAVVRGDFLYLRDVDGNQIPGRTVSDGDEITVLFISNEKNIVLVQYPTSSGYRQGYVTNATSIIKYKDDYSWVNGSTPEPVYDFDKTTQIGTLDPRERAVVLYKVDGMTYVAYDTGKGKLTKSGLVHYEGSGSSTGGGSFNGVAPGEVVPGGFTYENNAEVVGDELYLRDANGNLIPGRSVSVGDKITVLDVGYTKQLALVQYPAGDVVRQGYVTNATNLIRYFNQYSWHNG
155.2,155.2,Class_2,A,MKKLTAKEMSQVVGGKYYGNGVSCNKKGCSVDWGKAIGIIGNNSAANLATGGAAGWKS
513.1,513.1,Class_1,TIGR04149 family rSAM-modified RiPP,MKKISMIELSRRAMGAREMNALTGGNVCGCGCHGSSSTQANANANYKGSKSSSGSQTVVIADMNDGQVVVRNP
157.1,157.1,Class_1,Head-to-tailcyclizedpeptides,MDILLELAGYTGIASGTAKKVVDAIDKGAAAFVIISIISTVISAGALGAVSASADFIILTVKNYISRNLKAQAVIW
643.1,643.1,Class_1,class_I_lanthipeptide,MKKRSFSPLKLDKKTIAKLNDEQLKTLKGGNRDNVLQPGTTVNTSNCTSNSCN
549.1,549.1,Class_1,TIGR04149 family rSAM-modified RiPP,MKLQKIKLNKLAENSLANREMKKIKGGNCCTCGCMYANSGGSSSTDNRNANHKNDLDSTYFGDYVYFLCTFP
158.2,158.2,Class_2,A,MRKIEKLTEKEMASIIGGKYYGNGVTCGKHSCSVDWGKATTCIINNGAMAWATGGHQGDHKC
115.2,115.2,Class_2,D,MAGFLKVVQILAKYGSKAVQWAWANKGKILDWINAGQAIDWVVEKIKQILGIK
90.3,90.3,Class_3,,AVNDYEPGSMVITHVQGGGRDIIQYIPARSSYGTPPFVPPGPSPYVGTGMQEYRKLRSTLDKSHSELKKNLKNETLKEVDELKSEAGLPGKAVSANDIRDEKSIVDALMDAKAKSLKAIEDRPANLYTASDFPQKSESMYQSQLLASRKFYGEFLDRHMSELAKAYSADIYKAQIAILKQTSQELENKARSLEAEAQRAAAEVEADYKARKANVEKKVQSELDQAGNALPQLTNPTPEQWLERATQLVTQAIANK
545.1,545.1,Class_1,TIGR04149 family rSAM-modified RiPP,MKLKRLKLSDLSDKSLKDKEMNALRGGNLEGCYCSCYWADYGGSSSDDNMKSNYSSGDGTHSKQGCNQYWMVGSGILDCNDCNENKSGYH
78.2,78.2,Class_2,D,MKQYKVLNEKEMKKTIGGESVFSKIGNAVGPAAYWILKGLGNMSDVNQADRINRKKH
80.1,80.1,Class_1,Lanthipeptide A,MNNEDFNLDLIKISKENNSGASPRITSKSLCTPGCKTGILMTCPLKTATCGCHFG
276.1,276.1,Class_1,Thiopeptide,MKGGVKMKDLFDIDEKSLENLDLGDFKILDSEDLSEKDEKSILGASCTTCTCCCSCCA
163.2,163.2,Class_2,A,MTEIKVLNDKELKNVVGGKYYGNGVHCGKKTCYVDWGQATASIGKIIVNGWTQHGPWAHR
192.1,192.1,Class_1,Lanthipeptide A,MSNTQLLEVLGTETFDVQEDLFAFDTTDTTIVASNDDPDTRFSSLSLCSLGCTGVKNPSFNSYCC
612.1,612.1,Class_1,class_I_lanthipeptide,MQKIKLTKGLQINKEQISKLQEEQMNSLKGGNNRIQAPSQSCGQCSCNGST
84.1,84.1,Class_1,Lanthipeptide B,MENSKVMKDIEVANLLEEVQEDELNEVLGAKKKSGVIPTVSHDCHMNSFQFVFTCCS
44.2,44.2,Class_2,D,EQFDVMTEAELSTVEGGGKGYCKPVYYAANGYSCRYSSGEWGYVVTKGTFQATTDVIATGWVSSLGGGY
582.1,582.1,Class_1,TIGR04149 family rSAM-modified RiPP,MKTLSRLKLNQLNADELEQRQMNALRGGYNCGCGCNYWETNGITVEQNYNSNVSHGYSQSYGGNKACGDAVPTTASTH
49.3,49.3,Class_3,,MDKVTDNSPDVESTESTEGSFPTVGVDTGDTITATLATGTENVGGGGGAFGGASESSAAIHATAKWSTAQLKKHQAEQAARAAAAEAALAKAKSQRDALTQRLKDIVNDALRANAARSPSVTDLAHANNMAMQAEAERLRLAKAEQKAREEAEAAEKALREAERQRDEIARQQAETAHLLAMAEAAEAEKNRQDSLDEEHRAVEVAEKKLAEAKAELAKAESDVQSKQAIVSRVAGELENAQKSVDVKVTGFPGWRDVQKKLERQLQDKKNEYSSVTNALNSAVSIRDAKKTEVQNAEIKLKEAKDALEKSQVKDSVDTMVGFYQYITEQYGEKYSRIAQDLAEKAKGSKFNSVDEALAAFEKYKNVLDKKFSKVDRDDIFNALESITYDEWAKHLEKISRALKVTGYLSFGYDVWDGTLKGLKTGDWKPLFVTLEKSAVDFGVAKIVALMFSFIVGAPLGFWGIAIITGIVSSYIGDDELNKLNELLGI
18.1,18.1,Class_1,Lanthipeptide B,MENLSVVPSFEELSVEEMEAIQGSGDVQAETTPVCAVAATAAASSAACGWVGGGIFTGVTVVVSLKHC
669.1,669.1,Class_1,class_I_lanthipeptide,MNKMKLSKGLQINKEQISKLQEEQMNSLKGGVNSLQAAAQSCGQCSCGGNTVVQTRAAK
360.1,360.1,Class_1,Cyanobactin,MTKKNIRPQQVAPVERETISTAKDQSGQVQALRERFVYPFAGDDAE
55.1,55.1,Class_1,Lanthipeptide B,MKTMKNSAAREAFKGANHPAGMVSEEELKALVGGNDVNPETTPATTSSWTCITAGVTVSASLCPTTKCTSRC
73.2,73.2,Class_2,,MQTIKELNTMELQKIIGGENDHRMPYELNRPNNLSKGGAKCAAGILGAGLGAVGGGPGGFISAGISAVLGCM
38.1,38.1,Class_1,Lanthipeptide B,MEKQEQTFVSKISEEELKKLAGGYTEVSPQSTIVCVSLRICNWSLRFCPSFKVKCPM
1.3,1.3,Class_3,,MSGGDGKGHNSGAHDSGGSINGTSGKGGPSSGGASDNSGWSSENNPWGGGNSGMIGGSQGGNGANHGGENTSSNYGKDVSRQIGDAIARKEGINPKIFTGYFIRSDGYLIGITPLVSGDAFGVNLGLFNNNQNSSSENKGWNGRNGDGIKNSSQGGWKIKTNELTSNQVAAAKSVPEPKNSKYYKSMREASDEVINSNLNQGHGVGEAARAERDYREKVKNAINDNSPNVLQDAIKFTADFYKEVFNAYGEKAEK
67.2,67.2,Class_2,,MIKREKNRTISSLGYEEISNHKLQEIQGGKGILGKLGVVQAGVDFVSGVWAGIKQSAKDHPNA
533.1,533.1,Class_1,TIGR04149 family rSAM-modified RiPP,MKKLSKTNLGQLHKNDMADREMNQLRGGNNCGCTCTFDNNKTDSVPKSTIYEFSWTQGVVDEGSDICSWEGSSCVYGGSKVPQ
627.1,627.1,Class_1,class_I_lanthipeptide,MKTNKFSALQLNKKSIAKLNDNQLSTVKGGKGVPVAADCTGGGITCSGAGSTIVVQTKVS
99.2,99.2,Class_2,A,ATRSYGNGVYCNNSKCWNVGEAKENIAGIVISGKASGL
154.2,154.2,Class_2,A,KYYGNGVSCNKKGCSVDWGKAIGIIGNNSAANLATGGAAGWSK
223.2,223.2,Class_2,,MEEQIFNSMIQQGAFAALFVWMLFTTQKKNEQREEQYQKVIEKNQQVIEEQAKAFSSLSKDLSDVKQKILGNGDEK
63.1,63.1,Class_1,Lanthipeptide B,MNDILETETPVMVSPRWDMLLDAGEDTSPSVQTQIDAEFRRVVSPYMSSSGWLCTLTIECGTIICACR
482.1,482.1,Class_1,Cyanobactin,MNKKNILPQLGQPVIRLTAGQLSSQLAELSEEALGGVDASTSIAPFCSYDGVDASTSIAPFCSYDGVDASTSIAPFCSYDD
661.1,661.1,Class_1,class_I_lanthipeptide,MKKITTKLTLNKHTLATLDQQQMAAAKGGFFYTLSWDDVCKVSQNHTAGNRADCLAMFE
3.2,3.2,Class_2,,MISSHQKTLTDKELALISGGKTHYPTNAWKSLWKGFWESLRYTDGF
115.1,115.1,Class_1,Linaridin,MNKSSAPAVLTATGALTESDAGVTLPTLAPVAATPVAIAATMGVAFVAGYAAGRAATGNVELPM
665.1,665.1,Class_1,class_I_lanthipeptide,MNTEIKKLKLNKQTLSVLDDKALQNIKGGRNLDASEASCTSGQCNTSCAKTKAEEEAESFGK
563.1,563.1,Class_1,TIGR04149 family rSAM-modified RiPP,MKSLKVNQIEKNNLSEKEMQHIAGGKPAGMCGCGCMYEGHGGSSSMDNGLANADTGIWTGDKFTCIQSVIVVAKRKDNLTTE
575.1,575.1,Class_1,TIGR04149 family rSAM-modified RiPP,MKTLKKIKLNGLNDAELRDREMNALNGGRTCSCSCSAPGGSASGDNGGANYELGTNGGHSISGTPVICFTDQFGNGIQGGAANT
102.1,102.1,Class_1,Lanthipeptide B,MKNSKDILNNAIEEVSEKELMEVAGGKRGSGWIATITDDCPNSVFVCC
338.1,338.1,Class_1,Lasso peptide,MTEQSEQTPTEYIPPMLVEVGEFTEDTLGNWHGTSPDWFFNYYW
15.3,15.3,Class_3,,METAVAYYKDGVPYDDKGQVIITLLNGNPDGSGSGGGGGTGGSKSESSAAIHATAKWSTAQLKKTQAEQAARAKAAAEAQAKAKANRDALTQHLKDIVNEALRHNSTHPEVIDLLMPIMQRCRQKQSGCALQKQKKKPVKKRKRAEKSFQEAEQRRKEIEKEQAETERQLKLAEDEEKRLAALSEEARAVEVAQKNLAAAQSELAKVDEEINTLNTRLSSSIHARDAETNTLSGKRNELDQASAKYKELDERVKL
