"pdbID","position","class","architecture","topology_fold","homologous_superfamily","cathID","seq","length"
"1oaiA00","1-59",1,10,8,10,"1.10.8.10","PTLSPEQQEMLQAFSTQSGMNLEWSQKCLQDNNWDYTRSAQAFTHLKAKGEIPEVAFMK",59
"1go5A00","1-69",1,10,8,10,"1.10.8.10","PAPTPSSSPVPTLSPEQQEMLQAFSTQSGMNLEWSQKCLQDNNWDYTRSAQAFTHLKAKGEIPEVAFMK",69
"3frhA01","1-58",1,10,8,10,"1.10.8.10","YPMNINDALTSILASKKYRALCPDTVRRILTEEWGRHKSPKQTVEAARTRLHGICGAY",58
"3friA01","4-57",1,10,8,10,"1.10.8.10","DALTSILASKKYRALCPDTVRRILTEEWGRHKSPKQTVEAARTRLHGICGAVT",53
"3b89A01","3-56",1,10,8,10,"1.10.8.10","NDALTSILASKKYRALCPDTVRRILTEEWGRHKSPKQTVEAARTRLHGICGAV",53
"4g3oA00","6-58",1,10,8,10,"1.10.8.10","LYFQGQLNAMAHQIQEMFPQVPYHLVLQDLQLTRSVEITTDNILEGRI",48
"4heoA00","2-56",1,10,8,10,"1.10.8.10","ADDASKDVVRTIRTHIKDRELRSELDYLNRAETDEEVQEVANTVNDIIDGNI",52
"4wp2F00","4-59",1,10,8,10,"1.10.8.10","AQLIAEVSRRTGMNVEYSQMLTGAANWNLELALQSFEQQKANVPPEAFISQP",52
"1oksA00","2-55",1,10,8,10,"1.10.8.10","SRSVIRSIIKSSRLEEDRKRYLTLLDDIKGANDLAKFHQLVKIIKHHHH",49
"4f2lA00","1-61",1,10,8,10,"1.10.8.10","SSTIDDEALKEVCEKFECSEEEVLSCLYNRNHQDPLAVAYHLIIDNRRINELEHHHHHH",59
"2ltuA00","1-62",1,10,8,10,"1.10.8.10","GPHMSYDANVIDDEAVKEVCEKFECTESEVMNSLYSGDPQDQLAVAYHLIIDNRRIMNQASE",62
"1zv1A00","6-64",1,10,8,10,"1.10.8.10","DYCQKLLEKFRYPWELMPLMYVILKDADANIEEASRRIEEGQYVVNEYSRQHNL",54
"2jz1A01","1-64",1,10,8,10,"1.10.8.10","GSPLGQDVFLDYCQKLLEKFRYPWELMPLMYVILKDADANIEEASRRIEEGQYVVNEYSRQHNL",64
"2jz0A00","1-65",1,10,8,10,"1.10.8.10","GSPLGQDVFLDYCQKLLEKFRYPWELMPLMYVILKDADANIEEASRRIEEGQYVVNEYSRQHNLN",65
"2qhoD00","1-49",1,10,8,10,"1.10.8.10","GSIPASVIPEELISQAQVVLQGKSRSVIIRELQRTNLDVNLAVNNLLSR",49
"4un2B00","2-44",1,10,8,10,"1.10.8.10","PEERYEHQLRQLNDMGFFDFDRNVAALRRSGGSVQGALDSLL",42
"2bwbA00","1-46",1,10,8,10,"1.10.8.10","LDPEERYEHQLRQLNDMGFFDFDRNVAALRRSGGSVQGALDSLLNG",46
"2bweB00","1-48",1,10,8,10,"1.10.8.10","GILDPEERYEHQLRQLNDMGFFDFDRNVAALRRSGGSVQGALDSLLNG",48
"1wr1B01","7-58",1,10,8,10,"1.10.8.10","GGGILDPEERYEHQLRQLNDMGFFDFDRNVAALRRSGGSVQGALDSLLNGDV",52
"1vegA01","28-71",1,10,8,10,"1.10.8.10","PSQESINQLVYMGFDTVVAEAALRVFGGNVQLAAQTLAHHGGSL",44
"1cukA03","156-203",1,10,8,10,"1.10.8.10","TDDAEQEAVARLVALGYKPQEASRMVSKIARPDASSETLIREALRAAL",48
"1hjpA03","159-202",1,10,8,10,"1.10.8.10","AEQEAVAALVALGYKPQEASRMVSKIARPDASSETLIREALRAA",44
"1c7yA03","156-203",1,10,8,10,"1.10.8.10","TDDAEQEAVAALVALGYKPQEASRMVSKIARPDASSETLIREALRAAL",48
"1t6oA00","2-50",1,10,8,10,"1.10.8.10","ASRSVIRSIIKSSRLEEDRKRYLMTLLDDIKGANDLAKFHQMLMKIIM",48
"2k9dA00","1-44",1,10,8,10,"1.10.8.10","SVIRSIIKSSRLEEDRKRYLMTLLDDIKGANDLAKFHQMLVKII",44
"2ooaA00","11-52",1,10,8,10,"1.10.8.10","EGYAFEEVKRALEIAQNNVEVARSILREFAFP",32
"2oobA00","8-51",1,10,8,10,"1.10.8.10","IAKLMGEGYAFEEVKRALEIAQNNVEVARSILREFAF",37
"2jnhA00","3-46",1,10,8,10,"1.10.8.10","ENVDAKIAKLMGEGYAFEEVKRALEIAQNNVEVARSILREFA",42
"2oo9A00","1-46",1,10,8,10,"1.10.8.10","GSQLSSEIENLSQGYSYQDIQKALVIAQNNIEAKNILREFAAAS",44
"2jujA00","1-56",1,10,8,10,"1.10.8.10","ATASPQLSSEIENLMSQGYSYQDIQKALVIAQNNIEMAKNILREFVSISSPAHVAT",56
"3lcvB01","15-71",1,10,8,10,"1.10.8.10","RYQTVAPATVRRLARAALVAARGDVPDAVKRTKRGLHEIYGAFLPPSPPNYAALLRH",57
"3lcuA01","15-71",1,10,8,10,"1.10.8.10","RYQTVAPATVRRLARAALVAARGDVPDAVKRTKRGLHEIYGAFLPPSPPNYAALLRH",57
"1p3qQ00","1-47",1,10,8,10,"1.10.8.10","SSLIKKIEENERKDTLNTLQNFPDDPSLIEDVCIAAASGPCVD",43
"1mn3A00","1-54",1,10,8,10,"1.10.8.10","SSLIKKIEENERKDTLNTLQNFPDDPSLIEDVCIAKKSRIEPCVDALLSLSE",52
"3bbzA00","2-49",1,10,8,10,"1.10.8.10","QKVMITKMITDSVANPQMKQAFEQRLAKASTEDALNDIKRDIIRSAI",47
"3k9oA02","159-201",1,10,8,10,"1.10.8.10","EYTKKIENLCAMGFDRNAVIVALSSKSWDVETATELLLSN",40
"1ylaA02","160-201",1,10,8,10,"1.10.8.10","SSPEYTKKIENLCAMGFDRNAVIVALSSKSWDVETATELLLS",42
"2o25A02","160-201",1,10,8,10,"1.10.8.10","PEYTKKIENLCAMGFDRNAVIVALSSKSWDVETATELLLS",40
"3k9pA02","175-216",1,10,8,10,"1.10.8.10","DRNAVIVALSSKSWDVETATELLLS",25
"5dflA02","158-199",1,10,8,10,"1.10.8.10","SSPEYTKKIENLSAMGFDRNAVIVALSSKSWDVETATELLLS",42
"3e21A00","3-42",1,10,8,10,"1.10.8.10","REMILADFQACTGIENIDEAITLLEQNNWDLVAAINGV",38
"3mmpA01","4-56",1,10,8,10,"1.10.8.10","SLVKELRERTGAGMMDCKKALTEANGDIELAIENMRKSGAIKAAKKAGNVAAD",53
"1efuB01","1-54",1,10,8,10,"1.10.8.10","AEITASLVKELRERTGAGMMDCKKALTEANGDIELAIENMRKSGAIKAAKKAGN",54
"4q7jE01","3-54",1,10,8,10,"1.10.8.10","ASLVKELRERTGAGMMDCKKALTEANGDIELAIENMRKSGAIKAAKKAGNVA",52
"4r71A01","4-56",1,10,8,10,"1.10.8.10","SLVKELRERTGAGMMDCKKALTEANGDIELAIENMRKSGAIKAAKKAGNVAAD",53
"1aipH03","3-54",1,10,8,10,"1.10.8.10","ELIKKLREATGAGMMDVKRALEDAGWDEEKAVQLLRERGAMKAAKKADREAR",52
"2ztdA03","162-211",1,10,8,10,"1.10.8.10","LVGLGFAAKQAEEATDTVLAANHDATTSSALRSALSLLGKA",41
"2h5xD03","146-195",1,10,8,10,"1.10.8.10","AVRSPVVEALVGLGFAAKQAEEATDTVLAANHDATTSSALRSALSLLGKA",50
"2ztcA03","162-211",1,10,8,10,"1.10.8.10","VGLGFAAKQAEEATDTVLAANHDATTSSALRSALSLLGKA",40
"3fe3A03","286-327",1,10,8,10,"1.10.8.10","MVGMGYSQEEIQESLSKMKYDEITATYLLLGR",32
"2qnjB03","283-325",1,10,8,10,"1.10.8.10","DISDQKRIDIMVGMGYSQEEIQESLSKMKYDEITATYLLLGRK",43
"2r0iA03","285-326",1,10,8,10,"1.10.8.10","MVSMGYTREEIQDSLVGQRYNEVMATYLLLGY",32
"3iecA03","278-319",1,10,8,10,"1.10.8.10","PRRTELMVSMGYTREEIQDSLVGQRYNEVMATYLLLGY",38
"2wzjA03","285-326",1,10,8,10,"1.10.8.10","VSMGYTREEIQDSLVGQRYNEVMATYLLLGY",31
"1zmwA03","285-326",1,10,8,10,"1.10.8.10","VSMGYTREEIQDSLVGQRYNEVMATYLLLGY",31
"1zmuA03","285-326",1,10,8,10,"1.10.8.10","MGYTREEIQDSLVGQRYNEVMATYLLLGY",29
"1zmvA03","285-326",1,10,8,10,"1.10.8.10","MGYTREEIQDSLVGQRYNEVMATYLLLGY",29
"1y8gA03","285-326",1,10,8,10,"1.10.8.10","VSGYTREEIQDSLVGQRYNEVATYLLLGY",29
"2qsfX02","83-168",1,10,8,10,"1.10.8.10","GSFQVDYTPEDDQAISRLCELGFERDLVIQVYFACDKNEEAAANILFSD",49
"1dv0A00","3-47",1,10,8,10,"1.10.8.10","KEAIERLKALGFPESLVIQAYFACEKNENLAANFLLSQNFDDE",43
"1f4iA00","1-45",1,10,8,10,"1.10.8.10","QEKEAIERLKALGFEESLVIQAYFACEKNENLAANFLLSQNFDDE",45
"1oqyA02","167-209",1,10,8,10,"1.10.8.10","LTEIMSMGYERERVVAALRASYNNPHRAVEYLLTGIPGSPEPE",43
"1qzeA02","165-205",1,10,8,10,"1.10.8.10","TMLTEIMSMGYERERVVAALRASYNNPHRAVEYLLT",36
"1xb2B01","1-60",1,10,8,10,"1.10.8.10","SASSKELLMKLRRKTGYSFINCKKALETCGGDLKQAESWLHKQAQKEGWSKAARLHGRKT",60
"3t6pA02","113-178",1,10,8,10,"1.10.8.10","EDAVMMNTPVVKSALEMGFNRDLVKQTVQSKILTTGENYKTVNDIVSALLNAEDEK",56
"3ihpA04","653-699",1,10,8,10,"1.10.8.10","AVYYTGNSGAEAAMNWVMSHMDDPDFANPLILPP",34
"2dakA00","1-63",1,10,8,10,"1.10.8.10","GSSGSSGPPEDCVTTIVSMGFSRDQALKALRATNNSLERAVDWIFSHIDDLDAEAAMSGPSSG",63
"2lbcA01","1-42",1,10,8,10,"1.10.8.10","DIDESSVMQLAEMGFPLEACRKAVYFTGNMGAEVAFNWIIVH",42
"1a5tA02","168-207",1,10,8,10,"1.10.8.10","PEQYAVTWLSREVTMSQDALLAALRLSAGSPGAALALFQG",40
"1jr3E02","168-207",1,10,8,10,"1.10.8.10","PEQYAVTWLSREVTMSQDALLAALRLSAGSPGAALALFQG",40
"3glgE02","168-207",1,10,8,10,"1.10.8.10","PEQYAVTWLSREVTMSQDALLAALRLSAGSPGAALALFQG",40
"3glfE02","168-207",1,10,8,10,"1.10.8.10","PEQYAVTWLSREVTMSQDALLAALRLSAGSPGAALALFQG",40
"3gliE02","168-207",1,10,8,10,"1.10.8.10","PEQYAVTWLSREVTMSQDALLAALRLSAGSPGAALALFQG",40
"3glhE02","168-208",1,10,8,10,"1.10.8.10","PEQYAVTWLSREVTMSQDALLAALRLSAGSPGAALALFQD",40
"1xxhE02","168-207",1,10,8,10,"1.10.8.10","EQYAVTWLSREVTSQDALLAALRLSAGSPGAALALFQGD",39
"3h4jA03","276-331",1,10,8,10,"1.10.8.10","YADSRIVSKLGEAMGFSEDYIVEALRSDENNEVKEAYNLLHENQVIQEKLEH",52
"2hwjA02","135-195",1,10,8,10,"1.10.8.10","SLAGALRAGGYAKVIIPFSEFGWADFLRRRIDRDLLSDSFDDALAEAKLAKSREARHLP",59
"2dagA01","10-51",1,10,8,10,"1.10.8.10","ESVIIQLVEMGFPMDACRKAVYYTGNSGAEAAMNWVMSHMDD",42
"1vekA01","26-72",1,10,8,10,"1.10.8.10","PVANEEIVAQLVSMGFSQLHCQKAAINTSNAGVEEAMNWLLSHMDDP",47
"1whcA01","10-51",1,10,8,10,"1.10.8.10","LTALESLIEMGFPRGRAEKALALTGNQGIEAAMDWLMEHEDD",42
"1tr8A02","63-101",1,10,8,10,"1.10.8.10","VNQTGASREDATRALQETGGDLAEAIRL",28
"4dbgB02","55-115",1,10,8,10,"1.10.8.10","AELAGQQDPGLGAFSCQEARRAWLDRHGNLDEAVEECVRTRRRKVQELQSLGFGPEEGSLQ",61
"1ixrB03","139-191",1,10,8,10,"1.10.8.10","EKVESEAAEEAVMALAALGFKEAQARAVVLDLLAQNPKARAQDLIKEALKRLR",53
"1ixsA00","13-62",1,10,8,10,"1.10.8.10","AALGFKEAQARAVVLDLLAQNPKARAQDLIKEALKRLR",38
"1g4aE02","110-243",1,10,8,10,"1.10.8.10","MVRVQAIEKNRYRAEELAEERILDAMKLLIEEEAAKLVNPEELKQDA",47
"1nv8B01","15-87",1,10,8,10,"1.10.8.10","GVTETSVLEVLLIVSRVLGIRKEDLFLLGVSPTEEKRILELVEKRASGYPLHYILGEKEFMGLSFLVEEGV",71
"1nv9A01","15-87",1,10,8,10,"1.10.8.10","GVTETSVLEVLLIVSRVLGIRKEDLFLKDLGVSPTEEKRILELVEKRASGYPLHYILGEKEFMGLSFLVEEGV",73
"1sg9A01","12-85",1,10,8,10,"1.10.8.10","RDCSGKLEGVTETSVLEVLLIVSRVLGIRKEDLFLKDLGVSPTEEKRILELVEKRASGYPLHYILGEKEFMGLS",74
"1vq1A01","24-97",1,10,8,10,"1.10.8.10","EVLLIVSRVLGIRKEDLFLKDLGVSPTEEKRILELVEKRASGYPLHYILGEKEFGLSFLVEEGVFVPRPETEE",73
"1bvsF03","148-199",1,10,8,10,"1.10.8.10","NAVRGSVVEALVGLGFAAKQAEEATDQVLDGEATSSALRAALSLL",45
"1im2A02","110-244",1,10,8,10,"1.10.8.10","VRQQEIAKNRARAEDVAEERLIDDEAAKLINPEELKQKAI",40
"1g3iT02","110-244",1,10,8,10,"1.10.8.10","VRQQEIAKNRARAEDVAEIDDEAAKLINPEELKQKAI",37
"1g41A02","110-244",1,10,8,10,"1.10.8.10","VRQQEIAKNRLIDDEAAKLINPEELKQKAI",30
"1kyiA02","110-244",1,10,8,10,"1.10.8.10","VRQQEIAKNAAKLINPEELKQKAI",24
"4gewA01","21-115",1,10,8,10,"1.10.8.10","SMSDEQKLHEFAIITATDEAFAQSILQDVDWDLKKALDVFYGSEAFAEARSAAVMGEDLKGFEVSVMSWNIDGLDGRSL",79
"4f1iA01","21-115",1,10,8,10,"1.10.8.10","SSDEQKLHEFAIITATDEAFAQSILQDVDWDLKKALDVFYGSEAFAEARSAAVGVTAEDLKGFEVSVSWNIDGLDGRSL",79
"5ji2E02","116-249",1,10,8,10,"1.10.8.10","IEKNRYRAEELAEERILDVLIPPAEPSAARQAFRKKLREGQKIKDAMKLLIEEEAAKLVNPEELKQDAIDAVEQ",74
"1do0A02","109-242",1,10,8,10,"1.10.8.10","MVRVQAIEKNRYRAEELAEERILDVLIPPAKNNWGQTEQQQEPSAARQAFRKKLREGQLDDKEIEIDARKLKIKDAMKLLIEEEAAKLVNPEELKQDA",98
"1e94E02","116-249",1,10,8,10,"1.10.8.10","IEKNRYRAEELAEERILDVLIPPAKNNWGQTEQQQEPSAARQAFRKKLREGQLDDKEIEKQKARKLKIKDAMKLLIEEEAAKLVNPEELKQDAIDAVEQ",99
"1hqyE02","116-249",1,10,8,10,"1.10.8.10","IEKNRYRAEELAEERILDVLIPPAKNNWGQTEQQQEPSAARQAFRKKLREGQLDDKEIEKQKARKLKIKDAMKLLIEEEAAKLVNPEELKQDAIDAVEQ",99
"1ht1E02","116-249",1,10,8,10,"1.10.8.10","IEKNRYRAEELAEERILDVLIPPAKNNWGQTEQQQEPSAARQAFRKKLREGQLDDKEIEKQKARKLKIKDAMKLLIEEEAAKLVNPEELKQDAIDAVEQ",99
"1ht2E02","116-249",1,10,8,10,"1.10.8.10","IEKNRYRAEELAEERILDVLIPPAKNNWGQTEQQQEPSAARQAFRKKLREGQLDDKEIEKQKARKLKIKDAMKLLIEEEAAKLVNPEELKQDAIDAVEQ",99
"1do2A02","109-242",1,10,8,10,"1.10.8.10","MVRVQAIEKNRYRAEELAEERILDVLIPPAKNNWGQTEQQQEPSAARQAFRKKLREGQLDDKEIEKQKARKLKIKDAMKLLIEEEAAKLVNPEELKQDA",99
"2b3tA01","1-84",1,10,8,10,"1.10.8.10","MEYQHWLREAISQLQASESPRRDAEILLEHVTGRGRTFILAFGETQLTDEQCQQLDALLTRRRDGEPIAHLTGVREFWSLPLFV",84
"1t43A01","2-84",1,10,8,10,"1.10.8.10","YQHWLREAISQLQASESPRRDAEILLEHVTGRGRTFILAFGETQLTDEQCQQLDALLTRRRDGEPIAHLTGVREFWSLPLFVS",83
"1q02A00","1-52",1,10,8,10,"1.10.8.10","GSPPEADPRLIESLSQMLSMGFSDEGGWLTRLLQTKNYDIGAALDTIQYSKH",52
"2jy7A00","1-52",1,10,8,10,"1.10.8.10","GSPPEADPRLIESLSQMLSMGFSDEGGWLTRLLQTKNYDIGAALDTIQYSKH",52
"2k0bX00","1-52",1,10,8,10,"1.10.8.10","GSPPEADPRLIESLSQMLSMGFSDEGGWLTRLLQTKNYDIGAALDTIQYSKH",52
"2knvA00","1-52",1,10,8,10,"1.10.8.10","GSPPEADPRLIESLSQMLSMGFSDEGGWLTRLLQTKNYDIGAALDTIQYSKH",52
"2rruA00","1-53",1,10,8,10,"1.10.8.10","GPLGSEADPRLIESLSQMLSMGFSDEGGWLTRLLQTKNYDIGAALDTIQYSKH",53
"2jy5A00","1-52",1,10,8,10,"1.10.8.10","GSPEFQNPEVRFQQQLEQLSAMGFLNREANLQALIATGGDINAAIERLLGSS",52
"2jy6B00","1-52",1,10,8,10,"1.10.8.10","GSPEFQNPEVRFQQQLEQLSAMGFLNREANLQALIATGGDINAAIERLLGSS",52
"2knzA00","1-53",1,10,8,10,"1.10.8.10","GPLGSMPEVRFQQQLEQLNSMGFINREANLQALIATGGDINAAIERLLGSQLS",53
"2lvnC00","1-52",1,10,8,10,"1.10.8.10","SNSQLNAMAHQIQEMFPQVPYHLVLQDLQLTRSVEITTDNILEGRIQVPFPT",52
"2lvoC00","1-52",1,10,8,10,"1.10.8.10","SNSQLNAMAHQIQEMFPQVPYHLVLQDLQLTRSVEITTDNILEGRIQVPFPT",52
"2lvpC00","1-52",1,10,8,10,"1.10.8.10","SNSQLNAMAHQIQEMFPQVPYHLVLQDLQLTRSVEITTDNILEGRIQVPFPT",52
"2lvqD00","1-52",1,10,8,10,"1.10.8.10","SNSQLNAMAHQIQEMFPQVPYHLVLQDLQLTRSVEITTDNILEGRIQVPFPT",52
"2ejsA00","1-58",1,10,8,10,"1.10.8.10","GSSGSSGASNSQLNAMAHQIQEMFPQVPYHLVLQDLQLTRSVEITTDNILEGRIQVPF",58
"2mgwA00","1-52",1,10,8,10,"1.10.8.10","GPLGSSEDQTAALMAHLFEMGFCDRQLNLRLLKKHNYNILQVVTELLQLNNN",52
"2mj5B00","1-52",1,10,8,10,"1.10.8.10","GPLGS",5
"2cp8A00","1-54",1,10,8,10,"1.10.8.10","GSSGSSGQTAALMAHLFEMGFCDRQLNLRLLKKHNYNILQVVTELLQLSGPSSG",54
"1r4gA00","1-53",1,10,8,10,"1.10.8.10","KPTMHSLRLVIESSPLSRAEKAAYVKSLSKCKTDQEVKAVMELVEEDIESLTN",53
"2knaA01","22-75",1,10,8,10,"1.10.8.10","DDTIFQNPMVQEAIRMGFSFKDIKKIMEEKIQISGSNYKSLEVLVADLVNAQKD",54
"1ifyA00","1-49",1,10,8,10,"1.10.8.10","TLVTGSEYETMLTEIMSMGYERERVVAALRASYNNPHRAVEYLLTGIPG",49
"1otrA00","1-49",1,10,8,10,"1.10.8.10","NDDHESKLSILMDMFPAISKSKLQVHLLENNNDLDLTIGLLLKENDDKS",49
"1tteA02","159-215",1,10,8,10,"1.10.8.10","NVEESDLYGIDHDLIDEFESQGFEKDKIVEVLRRLGVKSLDPNDNNTANRIIEELLK",57
"2jp7A00","1-57",1,10,8,10,"1.10.8.10","RLNPVQLELLNKLHLETKLNAEYTFMLAEQSNWNYEVAIKGFQSSMNGIPREAFVQF",57
"2khhA00","3-59",1,10,8,10,"1.10.8.10","NPVQLELLNKLHLETKLNAEYTFMLAEQSNWNYEVAIKGFQSSMNGIPREAFVQF",55
"2l4eA00","3-59",1,10,8,10,"1.10.8.10","RKDASPEQEAIESFTSLTKCDPKVSRKYLQRNHWNINYALNDYYDKEIGTFTDEV",55
"2l4fA00","3-59",1,10,8,10,"1.10.8.10","RKDASPEQEAIESFTSLTKCDPKVSRKYLQRNHWNINYALNDYYDKEIGTFTDEV",55
"1pgyA00","1-47",1,10,8,10,"1.10.8.10","ALVDEVKDMEIARLMSLGLSIEEATEFYENDVTYERYLEILKSKQKE",47
"2ekkA00","1-47",1,10,8,10,"1.10.8.10","GSSGSSGVNQQQLQQLMDMGFTREHAMEALLNTSTMEQATEYLLTHP",47
"1ufzA01","26-83",1,10,8,10,"1.10.8.10","LSEIDQARLYSCLDHMREVLGDAVPDDILTEAILKHKFDVQKALSVVLEQDGSGPSSG",58
"1v92A00","1-46",1,10,8,10,"1.10.8.10","MAEERQDALREFVAVTGAEEDRARFFLESAGWDLQIALASFYEDGG",46
"2di0A01","10-55",1,10,8,10,"1.10.8.10","GVELDSLISQVKDLLPDLGEGFILACLEYYHYDPEQVINNILEERL",46
"2ekfA01","9-54",1,10,8,10,"1.10.8.10","PDVQLATLAQRVKEVLPHVPLGVIQRDLAKTGCVDLTITNLLEGAV",46
"1wglA00","1-59",1,10,8,10,"1.10.8.10","GSSGSSGCSEEDLKAIQDMFPNMDQEVIRSVLEAQRGNKDAAINSLLQMGEEPSGPSSG",59
"2dhyA00","1-67",1,10,8,10,"1.10.8.10","GSSGSSGRPARQVRRLEFNQAMDDFKTMFPNMDYDIIECVLRANSGAVDATIDQLLQMNLESGPSSG",67
"1wj7A01","19-78",1,10,8,10,"1.10.8.10","QATAEQIRLAQMISDHNDADFEEKVKQLIDITGKNQDECVIALHDCNGDVNRAINVLLEG",60
"2lvaA01","19-62",1,10,8,10,"1.10.8.10","LHEALKASNGDITQAVSLLTDERVKEPSQDTVATEPSEVEGSAA",44
"2mr9A00","1-44",1,10,8,10,"1.10.8.10","GSATFPEQTIKQLMDLGFPRDAVVKALKQTNGNAEFAASLLFQS",44
"2mroB00","1-44",1,10,8,10,"1.10.8.10","GSATFPEQTIKQLMDLGFPRDAVVKALKQTNGNAEFAASLLFQS",44
"2g3qA00","1-43",1,10,8,10,"1.10.8.10","TTPKSLAVEELSGMGFTEEEAHNALEKCNWDLEAATNFLLDSA",43
"1wgnA00","1-63",1,10,8,10,"1.10.8.10","GSSGSSGAYSELQMLSPSERQCVETVVNMGYSYECVLRAMKKKGENIEQILDYLFAHSGPSSG",63
"1wivA00","1-73",1,10,8,10,"1.10.8.10","GSSGSSGLLSHMDDPDIDAPISHQTSDIDQSSVDTLLSFGFAEDVARKALKASGGDIEKATDWVFNNSGPSSG",73
"2dzlA00","1-66",1,10,8,10,"1.10.8.10","GSSGSSGMSVNMDELRHQVMINQFVLAAGCAADQAKQLLQAAHWQFETALSTFFQETNIPNSHHHH",66
"2damA00","1-67",1,10,8,10,"1.10.8.10","GSSGSSGAPEERDLTQEQTEKLLQFQDLTGIESMDQCRHTLEQHNWNIEAAVQDRLNEQEGSGPSSG",67
"1vdlA00","1-80",1,10,8,10,"1.10.8.10","GSSGSSGMTVEQNVLQQSAAQKHQQTFLNQLREITGINDAQILQQALKDSNGNLELAVAFLTAKNAKTPPQEETSGPSSG",80
"2dnaA00","1-67",1,10,8,10,"1.10.8.10","GSSGSSGPSHSLQAPEVRFSKEMECLQAMGFVNYNANLQALIATDGDTNAAIYKLKSSQGFSGPSSG",67
"1vg5A00","1-73",1,10,8,10,"1.10.8.10","GSSGSSGSRQAPIANAAVLPQSQGRVAASEEQIQKLVAMGFDRTQVEVALAAADDDLTVAVEILMSQSGPSSG",73
"1vejA00","1-74",1,10,8,10,"1.10.8.10","GSSGSSGARACSQSSQTALPTSLFTEGRYQQELEELKALGFANRDANLQALVATDGDIHAAIEMLLGASGPSSG",74
"2l2dA00","1-73",1,10,8,10,"1.10.8.10","SAECWAALLHDPMTLDMDAVLSDFVRSTGAEPGLARDLLEGKNWDLTAALSDYEQLRQVHTANLPHVFNEGRG",73
"2daeA00","1-75",1,10,8,10,"1.10.8.10","GSSGSSGQIDFQVLHDLRQKFPEVPEVVVSRCMLQNNNNLDACCAVLSQESTRYLYGEGDLNFSDDSGISGPSSG",75
"2daiA00","1-83",1,10,8,10,"1.10.8.10","GSSGSSGDAVELFKKANAMLDEDEDERVDEAALRQLTEMGFPENRATKALQLNHMSVPQAMEWLIEHAEDPTIDTPLSGPSSG",83
"2ab5A01","9-135",3,10,28,10,"3.10.28.10","YAYIVGLFEGDGWITISKKGKYLLYELGIEHIRDIQLLYKIKNILGIGKVTIKKLKKDGTIKECKFNVRNKNHLKNIIIPIFNKYPLTNKHYDYLYFKDNLLKDIKYYNDLSYYLRPIKPFNT",123
"2qojZ01","1-119",3,10,28,10,"3.10.28.10","GSDLTYAYLVGLFEGDGYFSITKKGKYLTYELGIELSIKDVQLIYKIKKILGIGIVSFRKRNEIEVALRIRDKNHLKSFILPIFEKYPFSNKQYDYLRFRNALLSGIISLEDLPDYT",117
"1p8kZ01","1-119",3,10,28,10,"3.10.28.10","GSDLTYAYLVGLFEGDGYFSITKKGKYLTYELGIELSIKDVQLIYKIKKILGIGIVSFRKRNEIEVALRIRDKNHLKSFILPIFEKYPFSNKQYDYLRFRNALLSGIISLEDLPDYT",117
"3eh8A01","1-119",3,10,28,10,"3.10.28.10","GSDLTYAYLVGLYEGDGYFSITKKGKYLTYELGIELSIKDVQLIYKIKKILGIGIVSFRKRNEIEMVALRIRDKNHLKSKILPIFEKYPMFSNKQYDYLRFRNALLSGIIYLEDLPDYT",119
"3uvfA01","1-120",3,10,28,10,"3.10.28.10","SHMDLTYAYLVGLFEGDGYFSITKKGKYLTYELGIELSIKDVQLIYKIKDILGVGKVSFRKRNEIEMVSLRIRDKNHLKNFILPIFDKYPMLSNKQYDYLRFKDALLSNIIYSDDLPEYA",120
"3c0wA01","3-122",3,10,28,10,"3.10.28.10","KKNQVMNLGPNSKLLKEYKSQLIELNIEQFEAGIGLILGDAYIRSRDEGKTYCMQFEWKNKAYMDHVCLLYDQWVLSPPHKKERVNHLGNLVITWGAQTFKHQAFNKLANLFIVNNKKTI",120
"1r7mA01","3-122",3,10,28,10,"3.10.28.10","KKNQVMNLGPNSKLLKEYKSQLIELNIEQFEAGIGLILGDAYIRSRDEGKTYCMQFEWKNKAYMDHVCLLYDQWVLSPPHKKERVNHLGNLVITWGAQTFKHQAFNKLANLFIVNNKKTI",120
"3c0xA01","3-122",3,10,28,10,"3.10.28.10","KKNQVMNLGPNSKLLKEYKSQLIELNIEQFEAGIGLILGDAYIRSRDEGKTYCMQFEWKNKAYMDHVCLLYDQWVLSPPHKKERVNHLGNLVITWGAQTFKHQAFNKLANLFIVNNKKTI",120
"3oolA01","5-124",3,10,28,10,"3.10.28.10","NQVMNLGPNSKLLKEYKSQLIELNIEQFEAGIGLILGDAYIRSRDEGKTYCMQFEWKNKAYMDHVCLLYDQWVLSPPHKKERVNHLGNLVITWGAQTFKHQAFNKLANLFIVNNKKTIPN",120
"5a0mB01","2-122",3,10,28,10,"3.10.28.10","NIKKNQVMNLGPNSKLLKEYKSQLIELNIEQFEAGIGLILGDAYIRSRDEGKTYCMQFEWKNKAYMDHVCLLYDQWVLSPPHKKERVNHLGNLVITWGAQTFKHQAFNKLANLFIVNNKKT",121
"3oorA01","5-124",3,10,28,10,"3.10.28.10","NQVMNLGPNSKLLKEYKSQLIELNIEQFEAGIGLILGDAYIRSRDEGKTYCMQFEWKNKAYMDHVCLLYDQWVLSPPHKRERVNHLGNLVITWTAQTFKHQAFNKLANLFIVNNKKTIPN",120
"1dq3A03","138-224",3,10,28,10,"3.10.28.10","FDYWLAGFIAGDGCFDKYHSHVKGHEYIYDRLRIYDYRIETFEIINDYLEKTFGRKYSIQKDRNIYYIDIKARNITSHYLKLLEGID",87
"2dchX01","10-105",3,10,28,10,"3.10.28.10","SHMKVWDYLCGLIAADGHLDEEGYITILQKDRRFIDKIVALLKSAEIKISSLFYDKGAGVWKIKVKDERLYRYLVNNGVIPGKVLRPPSSAVD",93
"1t9iA00","2-154",3,10,28,10,"3.10.28.10","TKYNKEFLLYLAGFVDGNGSIIAQIKPNQSYKFKHQLSLTFQVTQKTQRRWFLDKLVDEIGVGYVRDRGSVSDYILSEIKPLHNFLTQLQPFLKLKQKQANLVLKIIEQLPSAKESPDKFLEVCTWVDQIAALNDSKTRKTTSETVRAVLDS",152
"1g9zA00","1-152",3,10,28,10,"3.10.28.10","NTKYNKEFLLYLAGFVDGDGSIIAQIKPNQSYKFKHQLSLTFQVTQKTQRRWFLDKLVDEIGVGYVRDRGSVSDYILSEIKPLHNFLTQLQPFLKLKQKQANLVLKIIEQLPSAKESPDKFLEVCTWVDQIAALNDSKTRKTTSETVRAVLD",152
"1n3fA00","3-151",3,10,28,10,"3.10.28.10","YNKEFLLYLAGFVDGDGSIIAQIKPNQSYKFKHQLSLTFQVTQKTQRRWFLDKLVDEIGVGYVRDRGSVSDYILSEIKPLHNFLTQLQPFLKLKQKQANLVLKIIEQLPSAKESPDKFLEVCTWVDQIAALNDSKTRKTTSETVRAV",147
"2o7mA00","2-154",3,10,28,10,"3.10.28.10","TKYNKEFLLYLAGFVDGDGSIIAQIKPNQSYKFKHQLSLTFQVTQKTQRRWFLDKLVDEIGVGYVRDRGSVSDYILSEIKPLHNFLTQLQPFLKLKQKQANLVLKIIEQLPSAKESPDKFLEVCTWVDQIAALNDSKTRKTTSETVRAVLDS",152
"1g9yA00","1-152",3,10,28,10,"3.10.28.10","NTKYNKEFLLYLAGFVDGDGSIIAQIKPNQSYKFKHQLSLTFQVTQKTQRRWFLDKLVDEIGVGYVRDRGSVSDYILSEIKPLHNFLTQLQPFLKLKQKQANLVLKIIEQLPSAKESPDKFLEVCTWVDQIAALNDSKTRKTTSETVRAVLD",152
"4aqxA00","1-152",3,10,28,10,"3.10.28.10","NTKYNKEFLLYLAGFVDGDGSIIAQIKPNQSYKFKHQLSLTFQVTQKTQRRWFLDKLVDEIGVGYVRDRGSVSDYILSEIKPLHNFLTQLQPFLKLKQKQANLVLKIIEQLPSAKESPDKFLEVCTWVDQIAALNDSKTRKTTSETVRAVLD",152
"4aquA00","1-152",3,10,28,10,"3.10.28.10","NTKYNKEFLLYLAGFVDGDGSIIAQIKPNQSYKFKHQLSLTFQVTQKTQRRWFLDKLVDEIGVGYVRDRGSVSDYILSEIKPLHNFLTQLQPFLKLKQKQANLVLKIIEQLPSAKESPDKFLEVCTWVDQIAALNDSKTRKTTSETVRAVLD",152
"1n3eA00","3-153",3,10,28,10,"3.10.28.10","YNKEFLLYLAGFVDGDGSIIAQIKPNQSYKFKHQLSLTFQVTQKTQRRWFLDKLVDEIGVGYVRDRGSVSDYILSEIKPLHNFLTQLQPFLKLKQKQANLVLKIIEQLPSAKESPDKFLEVCTWVDQIAALNDSKTRKTTSETVRAVLD",149
"1bp7A00","1-152",3,10,28,10,"3.10.28.10","NTKYNKEFLLYLAGFVDGDGSIIAQIKPNQSYKFKHQLSLTFQVTQKTQRRWFLDKLVDEIGVGYVRDRGSVSDYILSEIKPLHNFLTQLQPFLKLKQKQANLVLKIIEQLPSAKESPDKFLEVCTWVDQIAALNDSKTRKTTSETVRAVLD",152
"1t9jA00","3-153",3,10,28,10,"3.10.28.10","YNKEFLLYLAGFVDGDGSIIAQIKPNQSYKFKHQLSLTFQVTEKTQRRWFLDKLVDEIGVGYVRDRGSVSDYILSEIKPLHNFLTQLQPFLKLKQKQANLVLKIIEQLPSAKESPDKFLEVCTWVDQIAALNDSKTRKTTSETVRAVLD",149
"1af5A00","1-135",3,10,28,10,"3.10.28.10","KYNKEFLLYLAGFVDGDGSIIAQIKPNQSYKFKHQLSLTFQVTQKTQRRWFLGKLVDEIGVGYVRDRGSVSDYILSEIKPLHNFLTQLQPFLKLKQKQANLVLKIIEQLPLEVCTWVDQIAALNDS",126
"2i3pA00","2-153",3,10,28,10,"3.10.28.10","TKYNKEFLLYLAGFVDGDGSIIAQIRPNQSYKFKHQLSLTFQVTQKTQRRWFLDKLVDEIGVGYVRDRGSVSDYILSEIKPLHNFLTQLQPFLKLKQKQANLVLKIIEQLPSAKESPDKFLEVCTWVDQIAALNDSKTRKTTSETVRAVLD",151
"2i3qA00","2-153",3,10,28,10,"3.10.28.10","TKYNKEFLLYLAGFVDGDGSIIAQIAPNQSYKFKHQLSLTFVVTQKTQRRWFLDKLVDEIGVGYVRDRGSVSDYILSEIKPLHNFLTQLQPFLKLKQKQANLVLKIIEQLPSAKESPDKFLEVCTWVDQIAALNDSKTRKTTSETVRAVLD",151
"4aafA00","1-151",3,10,28,10,"3.10.28.10","NTKYNKEFLLYLAGFVDGDGSIIAQIKPNQSYKFKHQLSLTFQVTQKTQRRWFLDKLVDEIGVGYVRDRGSVSNYILSEIKPLHNFLTQLQPFLKLKQKQANLVLKIIEQLPSAKESPDKFLEVCTWVDQIAALNDSKTRKTTSETVRAVL",151
"4aabA00","1-152",3,10,28,10,"3.10.28.10","NTKYNKEFLLYLAGFVDGDGSIIAQIKPNQSYKFKHQLSLTFQVTQKTQRRWFLDKLVDEIGVGYVRDRGSVSNYILSEIKPLHNFLTQLQPFLKLKQKQANLVLKIIEQLPSAKESPDKFLEVCTWVDQIAALNDSKTRKTTSETVRAVLD",152
"4aaeA00","1-152",3,10,28,10,"3.10.28.10","NTKYNKEFLLYLAGFVDGDGSIIAQIKPNQSYKFKHQLSLTFQVTQKTQRRWFLDKLVDEIGVGYVRDRGSVSNYILSEIKPLHNFLTQLQPFLKLKQKQANLVLKIIEQLPSAKESPDKFLEVCTWVDQIAALNDSKTRKTTSETVRAVLD",152
"4aagA00","1-152",3,10,28,10,"3.10.28.10","NTKYNKEFLLYLAGFVDGDGSIIAQIKPNQSYKFKHQLSLTFQVTQKTQRRWFLDKLVDEIGVGYVRDRGSVSNYILSEIKPLHNFLTQLQPFLKLKQKQANLVLKIIEQLPSAKESPDKFLEVCTWVDQIAALNDSKTRKTTSETVRAVLD",152
"4aadA00","1-151",3,10,28,10,"3.10.28.10","NTKYNKEFLLYLAGFVDGDGSIIAQIKPNQSYKFKHQLSLTFQVTQKTQRRWFLDKLVDEIGVGYVRDRGSVSNYILSEIKPLHNFLTQLQPFLKLKQKQANLVLKIIEQLPSAKESPDKFLEVCTWVDQIAALNDSKTRKTTSETVRAVL",151
"1u0cA00","2-153",3,10,28,10,"3.10.28.10","TKYNKEFLLYLAGFVDGDGSIIAQIKPNQSCKFKHQLSLTFQVTEKTQRRWFLDKLVDEIGVGYVRDRGSVSDYILSEIKPLHNFLTQLQPFLKLKQKQANLVLKIIEQLPSAKESPDKFLEVCTWVDQIAALNDSKTRKTTSETVRAVLD",151
"1u0dA00","2-153",3,10,28,10,"3.10.28.10","TKYNKEFLLYLAGFVDGDGSIIAQIKPNQSHKFKHQLSLTFQVTEKTQRRWFLDKLVDEIGVGYVRDRGSVSDYILSEIKPLHNFLTQLQPFLKLKQKQANLVLKIIEQLPSAKESPDKFLEVCTWVDQIAALNDSKTRKTTSETVRAVLD",151
"1mowG01","7-117",3,10,28,10,"3.10.28.10","YLLGLIWGDGGLYKLNRSEYRVVITQKSENLIKQFIAPRMQFLIDELNVKSKIQIVKGDTRYELRVSSKKLYYYFANMLERILFNGNRFLAYLAGIVDGDGSIIAQ",106
"2vblA00","2-153",3,10,28,10,"3.10.28.10","TKYNKEFLLYLAGFVDGDGSIIAQIEPNASYKFKHRLKLTFKVTQKTQRRWFLDKLVDEIGVGYVRDEGSVSNYILSEIKPLRNFLTQLQPFLKLKQKQANLVLKITEQLPSAKESPDKFLEVCTWVDQIAALNDSKTRKTTSETVRAVLD",151
"2vboB00","2-153",3,10,28,10,"3.10.28.10","TKYNKEFLLYLAGFVDGDGSIIAQIEPNQSYKFKHRLKLTFKVTQKTQRRWFLDKLVDEIGVGYVSDSGSVSNYILSEIKPLHNFLTQLQPFLKLKQKQANLVLKIIEQLPSAKESPDKFLEVCTWVDQIAALNDSKTRKTTSETVRAVLD",151
"2vbnB00","2-153",3,10,28,10,"3.10.28.10","TKYNKEFLLYLAGFVDGDGSIIAQIEPNQSYKFKHRLKLTFKVTQKTQRRWFLDKLVDEIGVGYVSDSGSVSNYILSEIKPLHNFLTQLQPFLKLKQKQANLVLKIIEQLPSAKESPDKFLEVCTWVDQIAALNDSKTRKTTSETVRAVLD",151
"2vbjA00","1-152",3,10,28,10,"3.10.28.10","NTKYNKEFLLYLAGFVDGDGSIIAQIEPNQSYKFKHRLKLTFKVTQKTQRRWFLDKLVDEIGVGYVRDEGSVSNYILSEIKPLRNFLTQLQPFLKLKQKQANLVLKITEQLPSAKESPDKFLEVCTWVDQIAALNDSKTRKTTSETVRAVLD",152
"3mxaA01","3-153",3,10,28,10,"3.10.28.10","KYNKEFLLYLAGFVDGDGSIIAQINPNQSSKFKHRLRLTFYVTQKTQRRWFLDKLVDEIGVGYVRDSGSVSQYVLSEIKPLHNFLTQLQPFLKLKQKQANLVLKIIEQLPSAKESPDKFLEVCTWVDQIAALNDSKTRKTTSETVRAVL",149
"3mx9A01","3-151",3,10,28,10,"3.10.28.10","KYNKEFLLYLAGFVDGDGSIIAQINPNQSSKFKHRLRLTFYVTQKTQRRWFLDKLVDEIGVGYVRDSGSVSQYVLSEIKPLHNFLTQLQPFLKLKQKQANLVLKIIEQLPSAKESPDKFLEVCTWVDQIAALNDSKTRKTTSETVRA",147
"3mxbS00","3-154",3,10,28,10,"3.10.28.10","KYNEEFLLYLAGFVDSDGSIIAQIKPRQSNKFKHQLSLTFAVTQKTQRRWFLDKLVDEIGVGYVYDSGSVSDYRLSEIKPLHNFLTQLQPFLKLKQKQANLVLKIIEQLPSAKESPDKFLEVCTWVDQIAALNDSKTRKTTSETVRAVLD",150
"2xe0A00","1-152",3,10,28,10,"3.10.28.10","NTKYNKEFLLYLAGFVDGDGSIIAQINPNASSKFKHRLRLTFYVTQKTQRRWFLDKLVDEIGVGYVRDSGSVSQYVLSEIAPLHNFLTQLQPFLKLKQKQANLVLKIIEQLPSAKASPAAFLEVCTWVDQIAALNDSATRKTTSETVAAVLD",152
"1jvaB02","194-314",3,10,28,10,"3.10.28.10","FFDYMQKSKFHLTIEGPKVLAYLLGLWIGDGLSDRATFSVDSRDTSLMERVTEYAEKLNLCAEYKDRKEPQVAKTVNLYSLNTENPLWDAIVGLGFLKDGVKNIPSFLST",110
"1ef0A02","187-307",3,10,28,10,"3.10.28.10","DHFFDYMQKSKTIEGPKVLAYLLGLWIGDGLSDRATFSVDSRDTSLMERVTEYAEKLNLCAEYKDRKEPQVAKTVNLYSENPLWDAIVGLGFLKDGVKNIPSFL",104
"1vdeA02","183-303",3,10,28,10,"3.10.28.10","LYENDHFFDYMQKSKFHLTIEGPKVLAYLLGLWIGDGLSDRATFSVDSRDTSLMERVTEYAEKLNLCAEYKDRKEPQVAKTVNLYSKVLNTENPLWDAIVGLGFLKDGVKNI",112
"1dfaA02","200-303",3,10,28,10,"3.10.28.10","LTIEGPKVLAYLLGLWIGDGLSDRATFSVDSRDTSLMERVTEYAEKLNLCAEYKNTENPLWDAIVGLGFLKDGVKNI",77
"1um2B02","183-303",3,10,28,10,"3.10.28.10","LYENDHFFDYMQKSKFHLTIEGPKVLAYLLGLWIGDGLSDRATFSVDSRDTSLMERVTEYAEKLNLCAEYKDRKEPQVAKTVNLYSLNTENPLWDAIVGLGFLKDGVKNI",110
"1lwtA02","183-303",3,10,28,10,"3.10.28.10","LYENDHFFDYQKSKFHLTIEGPKVLAYLLGLWIGDGLSDRATFSVDSRDTSLERVTEYAEKLNLCAEYKDRKAKTVNLYSKVVRGNGIRNNLNTENPLWDAIVGLGFLKDGVKNI",115
"1lwsA02","200-303",3,10,28,10,"3.10.28.10","LTIEGPKVLAYLLGLWIGDGLSDRATFSVDSRDTSLERVTEYAEKLNLCAVAKTVNLYSENPLWDAIVGLGFLKDGVKNI",80
"4loxA01","3-147",3,10,28,10,"3.10.28.10","NGKLNPWAVVGFIDAEGSFMVRVRKNSKYKTGWLVVAIFSVTVDKKDLFLLESLKTFFGGLGSIKKSGNSTFSYRIESSEQLTKIILPFFDKYSLITEKLGDYLLFKKVLELMGTKEHLTQRGLEKIVSLKASINKGLSEELQAA",145
"5e67A01","7-147",3,10,28,10,"3.10.28.10","VVGFIDAEGSFMVRVRKNSKYKTGWLVVAIFSVTVDKKDLFLLESLKTFFGGLGSIKKSGNSTFSYRIESSEQLTKIILPFFDKYSLITEALGDYLLFKKVLELMGTKEHLTQRGLEKIVSLKASINKGLSEELQAAFPQC",141
"5e5sA01","4-147",3,10,28,10,"3.10.28.10","KLNPWAVVGFIDAEGSFMVRVRKNSKYKTGWLVVAIFSVTVDKKDLFLLESLKTFFGGLGSIKKSGNSTFSYRIESSEQLTKIILPFFDKYSLITEALGDYLLFKKVLELMGTKEHLTQRGLEKIVSLKASINKGLSEELQAAF",144
"5e5oA01","7-147",3,10,28,10,"3.10.28.10","VVGFIDAEGSFMVRVRKNSKYKTGWLVVAIFSVTVDKKDLFLLESLKTFFGGLGSIKKSGNSTFSYRIESSEQLTKIILPFFDKYSLITEKLGDYLLFKKVLELMGTKEHLTQRGLEKIVSLKASINKGLSEELQAAFPQC",141
"5e63A01","8-147",3,10,28,10,"3.10.28.10","GFIDAEGSFMVRVRKNSKYKTGWLVVAIFSVTVDKKDLFLLESLKTFFGGLGSIKKSGNSTFSYRIESSEQLTKIILPFFDKYSLITEKLGDYLLFKKVLELMGTKEHLTQRGLEKIVSLKASINKGLSEELQAAFPQCV",140
"4z20D01","9-148",3,10,28,10,"3.10.28.10","FIDAEGSFMVRVRKNSKYKTGWLVVAIFSVTVDKKDLFLLESLKTFFGGLGSIKKSGNSTFSYRIESSEQLTKIILPFFDKYSLITEKLGDYLLFKKVLELMGTKEHLTQRGLEKIVSLKASINKGLSEELQAAFPQCVP",140
"4z1zA01","7-148",3,10,28,10,"3.10.28.10","AVVGFIDAEGSFMVRVRKNSKYKTGWLVVAIFSVTVDKKDLFLLESLKTFFGGLGSIKKSGNSTFSYRIESSEQLTKIILPFFDKYSLITEKLGDYLLFKKVLELMGTKEHLTQRGLEKIVSLKASINKGLSEELQAAFPQC",142
"4lq0A01","7-150",3,10,28,10,"3.10.28.10","WYICGLVDAEGSFGVNVVKHATNKTGYAVLTYFELAMNSKDKQLLELIKKTFDLECNIYHNPSDDTLKFKVSNIEQIVNKIIPFFEKYTLFSQKRGDFILFCKVVELIKNKEHLTLNGLMKILSIKAAMNLGLSENLKKEFPGC",144
"4efjA01","6-145",3,10,28,10,"3.10.28.10","FVTGFTDAEGSFMIHLEKNKDKWRVRPTFQIKLDIRDKSLLEEIKNYFNNTGSINTSNKECVYKVRSLKDISIIISHFDKYNLITQKKADFELFKKIINKLNSQEHLSYEVGATVLQEIISIRASMNLGLSSSVKEDFPH",140
"4z1xA01","5-144",3,10,28,10,"3.10.28.10","WFVTGFTDAEGSFMIHLEKNKDKWRVRPTFQIKLDIRDKSLLEEIKNYFNNTGSINTSNKECVYKVRSLKDISIIISHFDKYNLITQKKADFELFKKIINKLNSQEHLSYEVGATVLQEIISIRASMNLGLSSSVKEDFP",140
"4yhxA01","4-144",3,10,28,10,"3.10.28.10","INPWVLTGFADAEGSFILRIRNNNKSSAGYSTELGFQITLHKKDKSILENIQSTWKVGVIANSGDNAVSLKVTRFEDLRVVLNHFEKYPLITQKLGDYLLFKQAFSVMENKEHLKIEGIKRLVGIKANLNWGLTDELKEAF",141
"3qqyA01","6-151",3,10,28,10,"3.10.28.10","RESINPWILTGFADAEGSFLLRIRNNNKSSVGYSTELGFQITLHNKDKSILENIQSTWKVGVIANSGDNAVSLKVTRFEDLKVIIDHFEKYPLITQKLGDYMLFKQAFCVMENKEHLKINGIKELVRIKAKLNWGLTDELKKAFPE",146
"3r7pA01","15-152",3,10,28,10,"3.10.28.10","ESSFMLTVSKDSKRNTGWSVRPRFRIGLHNKDVTILKSIREYLGAGIITSDIDARIRFESLKELEVVINHFDKYPLITQKRADYLLFKKAFYLIKNKEHLTEEGLNQILTLKASLNLGLSEELKEAFPNTIPAERLLV",138
"4yisA01","1-139",3,10,28,10,"3.10.28.10","SFNPWFLTGFSDAECSFSILIQANSKYSTGWRIKPVFAIGLHKKDNELLKRIQSYLGVGKIHIHGKDSIQFRIDSPKELEVIINHFENYPLVTAKQADYTLFKKALDVIKNKEHLSQKGLLKLVGIKASLNLGLNGSLK",139
"4yitA01","1-137",3,10,28,10,"3.10.28.10","INPWFLTGFIDGEGCFRISVTKWRVQLFFQINLHEKDRALLESIKDYLKVGKIHISGKNLVQYRIQTFDELTILIKHLKEYPLVSKKRADFELFNTAHKLIKNNEHLNKEGINKLVSLKASLNLGLSSLK",130
"2vs7A01","4-101",3,10,28,10,"3.10.28.10","VSGISAYLLGLIIGDGGLYKLKYKGNRSEYRVVITQKSENLIKQHIAPLMQFLIDELNVKSKIQIVKGDTRYELRVSSKKLYYYFANMLERIRLFNMR",98
"2vs8A01","6-102",3,10,28,10,"3.10.28.10","ISAYLLGLIIGDGGLYKLKYKGNRSEYRVVITQKSENLIKQHIAPLMQFLIDELNVKSKIQIVKGDTRYELRVSSKKLYYYFANMLERIRLFNMREQ",97
"4d6oA01","4-101",3,10,28,10,"3.10.28.10","VSGISAYLLGLIIGDGGLYKLKYKGNRSEYRVVITQKSENLIKQHIAPLMQFLIDELVKSKIQIVKGDTRYELRVSSKKLYYYFANMLERIRLFNMR",97
"5a0wA01","5-101",3,10,28,10,"3.10.28.10","GISAYLLGLIIGDGGLYKLKYKGNRSEYRVVITQKSENLIKQHIAPLMQFLIDELNVKSKIQIVKGDTRYELRVSSKKLYYYFANMLERIRLFNMRE",97
"4unaA01","4-101",3,10,28,10,"3.10.28.10","VSGISAYLLGLIIGDGGLYKLKYKGNRSEYRVVITQKSENLIKQHIAPLMQFLIDELNVKSKIQIVKGDTRYELRVSSKKLYYYFANMLERIRLFNMR",98
"4uncD01","4-101",3,10,28,10,"3.10.28.10","VSGISAYLLGLIIGDGGLYKLKYKGNRSEYRVVITQKSENLIKQHIAPLMQFLIDELNVKSKIQIVKGDTRYELRVSSKKLYYYFANMLERIRLFNMR",98
"4d6nA01","5-101",3,10,28,10,"3.10.28.10","GISAYLLGLIIGDGGLYKLKYKGNRSEYRVVITQKSENLIKQHIAPLMQFLIDELNVKSKIQIVKGDTRYELRVSSKKLYYYFANMLERIRLFNMRE",97
"4ut0A01","5-101",3,10,28,10,"3.10.28.10","GISAYLLGLIIGDGGLYKLKYKGNRSEYRVVITQKSENLIKQHIAPLMQFLIDELNVKSKIQIVKGDTRYELRVSSKKLYYYFANMLERIRLFNMRE",97
"4unbA01","4-101",3,10,28,10,"3.10.28.10","VSGISAYLLGLIIGDGGLYKLKYKGNRSEYRVVITQKSENLIKQHIAPLMQFLIDELNVKSKIQIVKGDTRYELRVSSKKLYYYFANMLERIRLFNMR",98
"4un8A01","4-101",3,10,28,10,"3.10.28.10","VSGISAYLLGLIIGDGGLYKLKYKGNRSEYRVVITQKSENLIKQHIAPLMQFLIDELNVKSKIQIVKGDTRYELRVSSKKLYYYFANMLERIRLFNMR",98
"4un7A01","4-101",3,10,28,10,"3.10.28.10","VSGISAYLLGLIIGDGGLYKLKYKGNRSEYRVVITQKSENLIKQHIAPLMQFLIDELNVKSKIQIVKGDTRYELRVSSKKLYYYFANMLERIRLFNMR",98
"4un9A01","4-101",3,10,28,10,"3.10.28.10","VSGISAYLLGLIIGDGGLYKLKYKGNRSEYRVVITQKSENLIKQHIAPLMQFLIDELNVKSKIQIVKGDTRYELRVSSKKLYYYFANMLERIRLFNMR",98
"1b24A01","7-101",3,10,28,10,"3.10.28.10","YLLGLIIGDGGLYKLKYKGNRSEYRVVITQKSENLIKQHIAPLQFLIDELNVKSKIQIVKGDTRYELRVSSKKLYYYFANLERIRLFNREQI",92
"5akmK01","4-101",3,10,28,10,"3.10.28.10","VSGISAYLLGLIISDGGLYKLKYKGNRSEYRVVITQKSENLIKQHIAPLMQFLIDELNVKSKIQIVKGDTRYELRVSSKKLYYYFANMLERIRLFNMR",98
"5akfA01","5-101",3,10,28,10,"3.10.28.10","GISAYLLGLIIGDGGLYKLKYKGNRSEYRVVITAKSENLIKQHIAPLMQFLIDELNVKSKIQIVKGDTRYELRVSSKKLYYYFANMLERIRLFNMRE",97
"5ak9A01","5-101",3,10,28,10,"3.10.28.10","GISAYLLGLIIGDGGLYKLKYKGNRSEYRVVITAKSENLIKQHIAPLMQFLIDELNVKSKIQIVKGDTRYELRVSSKKLYYYFANMLERIRLFNMRE",97
"5aknF01","5-101",3,10,28,10,"3.10.28.10","GISAYLLGLIIGDGGLYKLKYKGNRSEYRVVITAKSENLIKQHIAPLMQFLIDELNVKSKIQIVKGDTRYELRVSSKKLYYYFANMLERIRLFNMRE",97
"2fldA00","1-161",3,10,28,10,"3.10.28.10","TLQPTEAAYIAGFLDGDGSIYALLIPRPDYKDIKYQVSLAISFIQRKDKFPYLQDIYDQLGKRGNLRKDRGDGIADYRIIGSTHLSIILPDLVPYLRIKKKQANRILHIINLYPQAQKNPSKFLDLVKIVDDVQNLNKRADELKSTNYDRLLEEFLKAGKI",161
"1m5xA00","6-166",3,10,28,10,"3.10.28.10","EAAYIAGFLDGDGSIYAKLIPRPDYKDIKYQVSLAISFIQRKDKFPYLQDIYDQLGKRGNLRKDRGDGIADYTIIGSTHLSIILPDLVPYLRIKKKQANRILHIINLYPQAQKNPSKFLDLVKIVDDVQNLNKRADELKSTNYDRLLEEFLKAGKI",156
"3fd2A01","5-178",3,10,28,10,"3.10.28.10","PTEAAYIAGFLDGDGSIYAKLIPRPDYKDIKYQVSLAISFIQRKDKFPYLQDIYDQLGKRGNLRKDRGDGIADYTIIGSTHLSIILPDLVPYLRIKKKQANRILHIINLYPQAQKNPSKFLDLVKIVDDVQNLNKRADELKSTNYDRLLEEFLKAGKIESSPTGSGSGSK",170
"3misA00","1-161",3,10,28,10,"3.10.28.10","TLQPTEAAYIAGFLDGDGSIYAKLEPRPDYKDIKYQVRLAISFIQRKDKFPYLQDIYDQLGKRGNLRKDRGDGIADYTIYGSTHLSIILPDLVPYLRIKKKQANRILHIINLYPQAQKNPSKFLDLVKIVDDVQNLNKRADELKSTNYDRLLEEFLKAGKI",161
"3mipA00","1-161",3,10,28,10,"3.10.28.10","TLQPTEAAYIAGFLDGDGSIYARLEPRPDYKDIKYQVRLAISFIQRKDKFPYLQDIYDQLGKRGILRKDRGDGIADYRIYGSTHLSIILPDLVPYLRIKKKQANRILHIINLYPQAQKNPSKFLDLVKIVDDVQNLNKRADELKSTNYDRLLEEFLKAGKI",161
"3ko2A00","6-166",3,10,28,10,"3.10.28.10","EAAYIAGFLDGDGSIYARLIPRPDYKDIKYQVELAISFIQRKDKFPYLQDIYDQLGKRGTLRKDRGDGIADYTIWGSTHLSIILPDLVPYLRIKKKQANRILHIINLYPQAQKNPSKFLDLVKIVDDVQNLNKRADELKSTNYDRLLEEFLKAGKI",156
"5a74A00","5-161",3,10,28,10,"3.10.28.10","QLKFAWLAGFVDADGCINAQIVSREDYLLKYQVRVSLTVFQSTTQHFILLDIQKILGCGTVRKRNDGMSEFCVVGGTSLQTTLEKLLPYLQLKRAQAKLVLQIIKKLPNTKDPSVLMEAALLADKVGLLTDGKKRTILAENVRECLKKLGHVV",153
"5a77A00","5-161",3,10,28,10,"3.10.28.10","QLKFAWLAGFVDADGCINAQIVSREDYLLKYQVRVSLTVFQSTTQHFILLDIQKILGCGTVRKRNDGMSEFCVVGGTSLQTTLEKLLPYLQLKRAQAKLVLQIIKKLPNTKDPSVLMEAALLADKVGLLTDGKKRTILAENVRECLKKLGHVV",153
"5a78A00","5-161",3,10,28,10,"3.10.28.10","QLKFAWLAGFVDADGCINAQIVSREDYLLKYQVRVSLTVFQSTTQHFILLDIQKILGCGTVRKRNDGMSEFCVVGGTSLQTTLEKLLPYLQLKRAQAKLVLQIIKKLPNTKDPSVLMEAALLADKVGLLTDGKKRTILAENVRECLKKLGHVV",153
"5a72A00","5-161",3,10,28,10,"3.10.28.10","QLKFAWLAGFVDADGCINAQIVSREDYLLKYQVRVSLTVFQSTTQHFILLDIQKILGCGTVRKRNDGMSEFCVVGGTSLQTTLEKLLPYLNLKRAQAKLVLQIIKKLPNTKDPSVLMEAALLADKVGLLTDGKKRTILAENVRECLKKLGHVV",153
"3e54A00","4-162",3,10,28,10,"3.10.28.10","FKEGYILGFIEAEGSFSVSIKFQRDVFGGVRLDPVFSITQKNREVLEAIKEHLGIGRIMEKAGQPNTYVYVVDNFNELVKLINFLNKYADFMIVKKRQFLMFREIANGLVNGEHLHINGLKRLVKLAYELTKESEKGYRKYDLNHVLSIIDKWDLG",156
"2cw8A03","274-442",3,10,28,10,"3.10.28.10","VDESLAKLLGYYVSEGYARKQRNPKNGWSYSVKLYNEDPEVLDDERLASRFFGKVRRGRNYVEIPKKIGYLLFENCGVLAENKRIPEFVFTSPKGVRLAFLEGYFIGDGDVHPNKRLRLSTKSELLANQLVLLLNSVGVSAVKLGHDSGVYRVYINEELPFVKLDKK",167
"2cw7A03","274-442",3,10,28,10,"3.10.28.10","VDESLAKLLGYYVSEGYARKQRNPKNGWSYSVKLYNEDPEVLDDMERLASRFFGKVRRGRNYVEIPKKIGYLLFENMCGVLAENKRIPEFVFTSPKGVRLAFLEGYFIGDGDVHPNKRLRLSTKSELLANQLVLLLNSVGVSAVKLGHDSGVYRVYINEELPFVKLDKK",169
"3hyiA01","7-201",3,10,28,10,"3.10.28.10","IKEELVNVPFGSREEVISELLGFIKARGDLDVKSRHIVFSLHSFAASRRLLNLMKYLSKPVSEIIVEKKKRYIKITAEYSESFMVIEPFFDVALFVSFLRGLFLSGGSMTNPRYHYHLEINLFEEETLALTRKSLKDFFNINAGIIELRNTRKLYIKSIKDILVFLEAIGVQRKLEEIDRIVTERKVIGDV",191
"3hyjA00","1-193",3,10,28,10,"3.10.28.10","MVSLLRRTFSEEIKEELVNVPFGSREEVISELLGFIKARGDLDRHIVFSLHSFAASRRLLNLMKYLSKPVSEIIVEKSHRYIKITAEYSESFMVIEPFFDVALFVSFLRGLFLSGGSMTNPRYHYHLEINLFEEETLALTRKSLKDFFNINAGIIELRNTRKLYIKSIKDILVFLEAIGVQRKLEE",186
"2ex5A00","1-207",3,10,28,10,"3.10.28.10","ILKPGEKLPQDKLEELKKINDAVKKTKNFSKYLIDLRKLFQIDEVQVTSESKLFLAGFLEGEASLNISTKKLATSKFGLVVDPEFNVTRHVNGVKVLYLALEVFKTGRIRHKSGSNATLVLTIDNRQSLEEKVIPFYEQYVVAFSSPEKVKRVANFKALLELFNNDAHQDLEQLVNKILPIWDQMRKQQGQSNEGFPNLEAAQDFAR",207
